Technique,Dev_Count,Mon_Count,Dev_Pct,Mon_Pct,x_dev,x_mon,PSI,Dev_BR,Mon_BR,Delta_BR,br_pvalue,Dev_AUC,Mon_AUC,Delta_AUC,Dev_Gini,Mon_Gini,Delta_Gini,Dev_KS,Mon_KS,Delta_KS,score_shift_pvalue,Dev_EAD,Mon_EAD,Dev_Exposure_Pct,Mon_Exposure_Pct,Exposure_Drift,mean_feature_psi,mean_shap_shift,Calibration_Drift,Root_Cause_Feature,Root_Cause_PSI,Root_Cause_Score,feature_drift_details,Top_SHAP_Feature,Top_SHAP_PSI,Leaf_ID,Segment_Definition,BadRate_pvalue_adj,ScoreShift_pvalue_adj,Statistically_Significant,Business_Impact_Score,SIS_Raw,DIS_Raw,Confidence_Score,PSI_Interpretation,Severity_Score,Portfolio_Impact_Score,Drift_Explanation,Rank,BR_PValue,Score_Shift_PValue,Cluster_ID,Rule_Precision,Rule_Recall,Feature,Bin_Type,Dev_Calibration_Intercept,Mon_Calibration_Intercept,Dev_Calibration_Slope,Mon_Calibration_Slope,Delta_Calibration_Slope,Dev_ECE,Mon_ECE,Delta_ECE,Mon_Default_Count,gini_ci_low,gini_ci_high,gini_p,ks_ci_low,ks_ci_high,ks_p,auc_ci_low,auc_ci_high,auc_p,br_ci_low,br_ci_high,br_p,ece_ci_low,ece_ci_high,ece_p,abs_delta_br,abs_delta_ece,gini_score,ks_score,auc_score,br_score,ece_score,Deterioration_Score,gini_p_adj,ks_p_adj,auc_p_adj,br_p_adj,ece_p_adj,min_p_adj,Significant,Tree_Idx
Drift Localization Tree,79569,86410,0.079569,0.08641,27206.0,24460.0,0.0005642377450790944,0.341917078259121,0.28306908922578405,-0.058847989033336934,0.0,0.7276769294310204,0.5960890049937405,-0.13158792443727985,0.4553538588620407,0.19217800998748102,-0.2631758488745597,0.45502948994133513,0.19281696591493291,-0.2622125240264022,0.0,11509218861.0,16188220150.0,0.07342406902399894,0.06297221324643615,-0.010451855777562788,0.0670797823008867,0.08211447678265218,-0.19323154842262064,region,0.19254206656494227,0.953012,"[{""feature"": ""region"", ""psi"": 0.19254206656494227}, {""feature"": ""occupation"", ""psi"": 0.07531848155671741}, {""feature"": ""age"", ""psi"": 0.0002646408922814684}, {""feature"": ""income"", ""psi"": 0.00019394018960561414}]",shap_occupation,31.726901878457934,11.0,"region != Uttar Pradesh AND income >= 49,999.5 AND income < 65,005.5 AND age < 44.5",0.0,0.0,True,0.0069,0.000716,6e-05,1.0,Population Share: Stable,19.0602,0.022741,"Gini drop 0.2632 (Dev 0.4554 -> Mon 0.1922) | KS drop 0.2622 (Dev 0.4550 -> Mon 0.1928) | Significant bad-rate shift (Dev 34.19% -> Mon 28.31%, p_adj=0.0000) | Population share stable (low PSI) but the score no longer separates risk inside this segment -- concept drift, not exposure drift",1,,,,,,,,,,,,,,,,,,,,,,,,,,,,,,,,,,,,,,,,,,,,,,,
Drift Localization Tree,23983,82665,0.023983,0.082665,17288.0,12810.0,0.07261610251464938,0.7208439311178751,0.1549628016693885,-0.5658811294484867,0.0,0.5059236416216734,0.49732775112225047,-0.008595890499422887,0.011847283243346718,-0.005344497755499056,-0.017191780998845774,0.01771041156989317,0.00979544948996891,-0.00791496207992426,0.43791328281295805,4434254824.0,31002566840.0,0.028288716740858602,0.12060005560496224,0.09231133886410364,0.0004015560356661369,0.11749999999999997,-0.7300905342303631,income,0.0014452577401833733,0.492507,"[{""feature"": ""income"", ""psi"": 0.0014452577401833733}, {""feature"": ""age"", ""psi"": 0.00012223727097855142}, {""feature"": ""region"", ""psi"": 3.8729131502622906e-05}, {""feature"": ""occupation"", ""psi"": 0.0}]",shap_occupation,49.03867320943803,4.0,"income < 32,570.5 AND age < 29.5",0.0,0.8358874425269492,True,0.0109,8.6e-05,6.1e-05,1.0,Population Share: Stable,9.8501,0.001421,"Significant bad-rate shift (Dev 72.08% -> Mon 15.50%, p_adj=0.0000)",2,,,,,,,,,,,,,,,,,,,,,,,,,,,,,,,,,,,,,,,,,,,,,,,
Drift Localization Tree,29166,102250,0.029166,0.10225,21053.0,15972.0,0.09167782281750328,0.7218336419118151,0.15620537897310513,-0.5656282629387099,0.0,0.49849190285540024,0.49921660757457936,0.0007247047191791256,-0.0030161942891995253,-0.001566784850841274,0.0014494094383582512,0.007146490861468513,0.008811508075802499,0.0016650172143339859,0.5851212097688645,5395831618.0,38384429357.0,0.03442318005650339,0.14931551760566886,0.11489233754916547,0.00020486083018308773,0.11749999999999997,-0.7293981996217573,income,0.0005063638318652853,0.150029,"[{""feature"": ""income"", ""psi"": 0.0005063638318652853}, {""feature"": ""age"", ""psi"": 0.0002267185490024674}, {""feature"": ""region"", ""psi"": 8.636093986459817e-05}, {""feature"": ""occupation"", ""psi"": 0.0}]",shap_age,49.44695611074991,5.0,"income >= 32,570.5 AND income < 41,854.5 AND age < 29.5",0.0,0.8358874425269492,True,0.0167,0.0,0.0,1.0,Population Share: Stable,3.0006,0.000148,"Significant bad-rate shift (Dev 72.18% -> Mon 15.62%, p_adj=0.0000)",3,,,,,,,,,,,,,,,,,,,,,,,,,,,,,,,,,,,,,,,,,,,,,,,
Drift Localization Tree,26247,89077,0.026247,0.089077,18872.0,13807.0,0.07677508503904486,0.7190155065340801,0.15500072970576018,-0.5640147768283199,0.0,0.49679707718725974,0.5002330645431258,0.0034359873558660325,-0.006405845625480522,0.00046612908625154326,0.006871974711732065,0.015658883037196147,0.008784072758267758,-0.006874810278928389,0.983175708165973,4861897852.0,33374671415.0,0.031016902865800857,0.12982754780334002,0.09881064493753916,0.00019718508767757462,0.1175,-0.7278280841202184,income,0.0003823625952974474,0.150006,"[{""feature"": ""income"", ""psi"": 0.0003823625952974474}, {""feature"": ""age"", ""psi"": 0.00020549746525423457}, {""feature"": ""region"", ""psi"": 0.00020088029015861666}, {""feature"": ""occupation"", ""psi"": 0.0}]",shap_region,49.203584528945015,6.0,"income >= 41,854.5 AND income < 49,999.5 AND age < 29.5",0.0,0.9831757081659729,True,0.0125,0.0,0.0,1.0,Population Share: Stable,3.0001,0.000612,"Significant bad-rate shift (Dev 71.90% -> Mon 15.50%, p_adj=0.0000)",4,,,,,,,,,,,,,,,,,,,,,,,,,,,,,,,,,,,,,,,,,,,,,,,
Drift Localization Tree,330934,279797,0.330934,0.279797,47050.0,54356.0,0.008583581677117659,0.142173363873159,0.19426941675571932,0.052096052882560334,0.0,0.5774041235893586,0.6178603478363591,0.04045622424700057,0.1548082471787171,0.23572069567271825,0.08091244849400114,0.12574745299793239,0.19300529854707238,0.06725784554914,0.0,54587170007.0,79899908814.0,0.3482436285924003,0.31081082723019504,-0.03743280136220528,0.03362827227522253,0.030733873714828774,0.06781013841409561,age,0.05757401780711606,0.139207,"[{""feature"": ""age"", ""psi"": 0.05757401780711606}, {""feature"": ""region"", ""psi"": 0.04871391829401049}, {""feature"": ""income"", ""psi"": 0.02822515299976359}, {""feature"": ""occupation"", ""psi"": 0.0}]",shap_region,13.61838213635694,14.0,"region != Uttar Pradesh AND occupation != Salaried AND income >= 65,005.5",0.0,0.0,True,0.0877,0.0,0.0,1.0,Population Share: Stable,2.7841,0.022639,"Significant bad-rate shift (Dev 14.22% -> Mon 19.43%, p_adj=0.0000) | Population share stable (low PSI) but the score no longer separates risk inside this segment -- concept drift, not exposure drift",5,,,,,,,,,,,,,,,,,,,,,,,,,,,,,,,,,,,,,,,,,,,,,,,
Drift Localization Tree,56567,85549,0.056567,0.085549,30430.0,28838.0,0.011988796568255652,0.5379461523503103,0.33709336169914317,-0.20085279065116712,0.0,0.5006782457274004,0.49618283200113206,-0.004495413726268327,0.0013564914548007678,-0.007634335997735886,-0.008990827452536654,0.004492479910483516,0.00691098392216799,0.0024185040116844747,0.059122449568870694,7918109661.0,17126022748.0,0.050514273584536085,0.06662026748816932,0.016105993903633237,0.00024472089381898977,0.06499999999999996,-0.2967660188611763,age,0.0005508584567761223,0.138448,"[{""feature"": ""age"", ""psi"": 0.0005508584567761223}, {""feature"": ""income"", ""psi"": 0.0003372267226168296}, {""feature"": ""region"", ""psi"": 9.079839588300707e-05}, {""feature"": ""occupation"", ""psi"": 0.0}]",shap_region,49.93104675630198,7.0,"income < 49,999.5 AND age >= 29.5",0.0,0.19707483189623565,True,0.0058,2.6e-05,9e-06,1.0,Population Share: Stable,2.769,0.000769,"Significant bad-rate shift (Dev 53.79% -> Mon 33.71%, p_adj=0.0000)",6,,,,,,,,,,,,,,,,,,,,,,,,,,,,,,,,,,,,,,,,,,,,,,,
Drift Localization Tree,61265,37069,0.061265,0.037069,7378.0,4851.0,0.01215674006286831,0.12042765037133764,0.1308640643124983,0.010436413941160669,1.5379788791403115e-06,0.5025181682080092,0.496410411861402,-0.006107756346607207,0.0050363364160184165,-0.007179176277195998,-0.012215512693214414,0.006538656892343453,0.013189790501497378,0.006651133609153925,0.9799254826134908,9194515028.0,5553640310.0,0.05865721333579804,0.021603673452348236,-0.03705353988344981,0.00022472343638467717,1.6479873021779667e-17,0.034803230901328475,age,0.00040986919736111615,0.00248,"[{""feature"": ""age"", ""psi"": 0.00040986919736111615}, {""feature"": ""region"", ""psi"": 0.0002554952003303167}, {""feature"": ""income"", ""psi"": 0.0002311545348229842}, {""feature"": ""occupation"", ""psi"": 2.374813024291601e-06}]",shap_age,1.605887350100575e-11,12.0,"region != Uttar Pradesh AND income >= 49,999.5 AND income < 65,005.5 AND age >= 44.5",1.5379788791403115e-06,0.9831757081659729,True,0.0008,5e-06,0.0,1.0,Population Share: Stable,0.0496,0.000453,Segment performance stable,7,,,,,,,,,,,,,,,,,,,,,,,,,,,,,,,,,,,,,,,,,,,,,,,
Drift Localization Tree,275875,165863,0.275875,0.165863,33082.0,21704.0,0.05597253442772602,0.11991662890801993,0.13085498272670817,0.01093835381868824,0.0,0.500106465350216,0.5000292921282878,-7.717322192812848e-05,0.00021293070043193474,5.8584256575677784e-05,-0.00015434644385625695,0.005651391315306453,0.002935530532008901,-0.0027158607832975523,0.26618281274163447,41377654909.0,24852265468.0,0.2639723709125514,0.09667536926274983,-0.16729700164980155,0.00019501966628144242,1.734723475976807e-18,0.03580462690939962,region,0.000546051581775618,0.000605,"[{""feature"": ""region"", ""psi"": 0.000546051581775618}, {""feature"": ""age"", ""psi"": 0.0001632305112735451}, {""feature"": ""income"", ""psi"": 7.07965720766066e-05}, {""feature"": ""occupation"", ""psi"": 0.0}]",shap_age,3.66973213036398e-12,15.0,"occupation = Salaried AND region != Uttar Pradesh AND income >= 65,005.5",0.0,0.6654570318540862,True,0.0169,1e-06,0.0,1.0,Population Share: Stable,0.0121,2.6e-05,Segment performance stable,8,,,,,,,,,,,,,,,,,,,,,,,,,,,,,,,,,,,,,,,,,,,,,,,
Drift Localization Tree,51897,31342,0.051897,0.031342,5717.0,4082.0,0.01036592625197073,0.11016051024143977,0.13024057175674814,0.02008006151530836,0.0,0.49300987617715714,0.49532412937567827,0.0023142531985211323,-0.013980247645685728,-0.009351741248643464,0.004628506397042265,0.013653844653326197,0.01762052897264188,0.003966684319315683,0.8092467451668431,7791860440.0,4694374653.0,0.04970885562968762,0.01826112808994513,-0.03144772753974249,0.0003897358183167616,1.9081958235744878e-17,0.06669379771671513,income,0.0011384471586502016,0.000582,"[{""feature"": ""income"", ""psi"": 0.0011384471586502016}, {""feature"": ""age"", ""psi"": 0.0003357024786763073}, {""feature"": ""occupation"", ""psi"": 8.479363594053756e-05}, {""feature"": ""region"", ""psi"": 0.0}]",shap_age,1.9118790296561446e-11,18.0,"region = Uttar Pradesh AND income >= 105,384.5",0.0,0.9831757081659729,True,0.0006,0.0,0.0,1.0,Population Share: Stable,0.0116,0.000145,Segment performance stable,9,,,,,,,,,,,,,,,,,,,,,,,,,,,,,,,,,,,,,,,,,,,,,,,
Drift Localization Tree,64497,39978,0.064497,0.039978,6999.0,5151.0,0.011727178001707191,0.10851667519419508,0.12884586522587424,0.020329190031679156,0.0,0.5034488412055864,0.5077891203611147,0.004340279155528259,0.006897682411172834,0.015578240722229353,0.008680558311056519,0.011596996675946158,0.02107520091112136,0.009478204235175203,0.5097886892474106,9679432887.0,5993158501.0,0.06175078925786476,0.023313400216185203,-0.03843738904167955,0.00019953903081989144,1.5612511283791264e-17,0.06701295105450389,age,0.0004878699347971186,1.4e-05,"[{""feature"": ""age"", ""psi"": 0.0004878699347971186}, {""feature"": ""income"", ""psi"": 0.00024239309709532804}, {""feature"": ""occupation"", ""psi"": 6.789309138711914e-05}, {""feature"": ""region"", ""psi"": 0.0}]",shap_age,1.3644392177422987e-11,17.0,"region = Uttar Pradesh AND income >= 49,999.5 AND income < 105,384.5",0.0,0.8358874425269492,True,0.0009,0.0,0.0,1.0,Population Share: Stable,0.0003,0.000347,Segment performance stable,10,,,,,,,,,,,,,,,,,,,,,,,,,,,,,,,,,,,,,,,,,,,,,,,
K-Means Clustering,154153,182683,0.154153,0.182683,59559.0,54699.0,0.004844587850928692,0.38636289919755046,0.2994203073082881,-0.08694259188926234,,0.7028983178805176,0.5708074855656706,-0.13209083231484697,0.4057966357610352,0.14161497113134125,-0.26418166462969395,0.4056360136098292,0.14495542175500142,-0.2606805918548278,,22126822040.0,34919037066.0,0.14115999776943516,0.13583513370247563,-0.005324864066959534,0.06462792440430921,0.08197849300208282,-0.220289481814001,region,0.1635567816022987,0.954653,"[{""feature"": ""region"", ""psi"": 0.1635567816022987}, {""feature"": ""income"", ""psi"": 0.07496265681316513}, {""feature"": ""age"", ""psi"": 0.019992259201773017}, {""feature"": ""occupation"", ""psi"": 0.0}]",shap_age,37.485422306706326,,"Cluster_5: occupation = Salaried AND age < 43.5 AND income < 82,247.5",0.0,0.0,True,0.0315,0.003278,0.000545,1.0,Population Share: Stable,19.0931,0.048261,"Gini drop 0.2642 (Dev 0.4058 -> Mon 0.1416) | KS drop 0.2607 (Dev 0.4056 -> Mon 0.1450) | Significant bad-rate shift (Dev 38.64% -> Mon 29.94%, p_adj=0.0000) | Population share stable (low PSI) but the score no longer separates risk inside this segment -- concept drift, not exposure drift",1,0.0,0.0,5.0,0.9974065778616056,0.8781924451681122,,,,,,,,,,,,,,,,,,,,,,,,,,,,,,,,,,,,,,,,,,
K-Means Clustering,79400,274000,0.0794,0.274,57215.0,42590.0,0.2410373470410672,0.7205919395465995,0.15543795620437956,-0.5651539833422199,,0.5001672709592465,0.4989768927726356,-0.0011903781866108853,0.0003345419184930254,-0.0020462144547287453,-0.0023807563732217707,0.006148801821045546,0.004303343918387381,-0.0018454579026581652,,14692709422.0,102764829928.0,0.09373342568070289,0.3997554224304122,0.3060219967497093,8.461987448387607e-05,0.1175,-0.7290654978041706,income,0.00026842850786024434,0.214902,"[{""feature"": ""income"", ""psi"": 0.00026842850786024434}, {""feature"": ""age"", ""psi"": 4.2617604049611554e-05}, {""feature"": ""region"", ""psi"": 2.743338602564837e-05}, {""feature"": ""occupation"", ""psi"": 0.0}]",shap_age,51.4341581464781,,"Cluster_3: occupation != Business AND occupation != Salaried AND age < 49.5 AND income < 102,603.5",0.0,0.6733536246317896,True,0.1362,0.00013,9.3e-05,1.0,Population Share: Moderate Drift,4.298,0.000652,"Population shift (Dev 7.9% -> Mon 27.4%, PSI 0.2410) | Significant bad-rate shift (Dev 72.06% -> Mon 15.54%, p_adj=0.0000)",2,0.0,0.5386828997054317,3.0,1.0,1.0,,,,,,,,,,,,,,,,,,,,,,,,,,,,,,,,,,,,,,,,,,
K-Means Clustering,110639,111108,0.110639,0.111108,17494.0,24660.0,1.983894510287438e-06,0.15811784271369048,0.22194621449400584,0.06382837178031536,,0.6056266733611597,0.6100554966571844,0.004428823296024675,0.21125334672231944,0.22011099331436879,0.00885764659204935,0.1709398164982378,0.18090498294855561,0.009965166450317808,,19315440307.0,37688303468.0,0.12322454194835554,0.14660758631227877,0.02338304436392323,0.03513442669741947,0.04437262083683971,0.07164177112985254,region,0.13863654657248728,0.165255,"[{""feature"": ""region"", ""psi"": 0.13863654657248728}, {""feature"": ""age"", ""psi"": 0.0011447479864081836}, {""feature"": ""income"", ""psi"": 0.0007564122307824337}, {""feature"": ""occupation"", ""psi"": 0.0}]",shap_occupation,19.474303479438394,,"Cluster_4: occupation != Salaried AND region != West Bengal AND age >= 49.5 AND income >= 99,398.5",0.0,0.0,True,0.0163,0.0,0.0,1.0,Population Share: Stable,3.3051,0.000984,"Significant bad-rate shift (Dev 15.81% -> Mon 22.19%, p_adj=0.0000)",3,0.0,0.0,4.0,0.9906300873168566,0.9680040492050723,,,,,,,,,,,,,,,,,,,,,,,,,,,,,,,,,,,,,,,,,,
K-Means Clustering,44657,54678,0.044657,0.054678,8173.0,13321.0,0.0020287551055748797,0.18301722014465818,0.2436263213723984,0.060609101227740214,,0.6140234135911882,0.593997913263085,-0.02002550032810313,0.22804682718237634,0.18799582652617008,-0.04005100065620626,0.18490484249489508,0.1529373546900059,-0.03196748780488917,,8457982566.0,21487476511.0,0.05395844003228949,0.08358633255790507,0.02962789252561558,0.006611736133062603,0.0597136214066214,0.054702510030135876,age,0.021305246438707803,0.115523,"[{""feature"": ""age"", ""psi"": 0.021305246438707803}, {""feature"": ""income"", ""psi"": 0.0051416980935426095}, {""feature"": ""region"", ""psi"": 0.0}, {""feature"": ""occupation"", ""psi"": 0.0}]",shap_region,26.264355396829572,,"Cluster_9: occupation != Salaried AND region = West Bengal AND age >= 49.5 AND income >= 99,398.5",0.0,0.0,True,0.0048,9.2e-05,1.7e-05,1.0,Population Share: Stable,2.3105,0.00219,"Significant bad-rate shift (Dev 18.30% -> Mon 24.36%, p_adj=0.0000)",4,0.0,0.0,9.0,1.0,0.7186779228340462,,,,,,,,,,,,,,,,,,,,,,,,,,,,,,,,,,,,,,,,,,
K-Means Clustering,97584,66572,0.097584,0.066572,12252.0,10375.0,0.011859902935440187,0.12555336940482045,0.15584630174848285,0.0302929323436624,,0.5334608194860537,0.5739875682597644,0.04052674877371065,0.06692163897210746,0.14797513651952876,0.0810534975474213,0.05247218297163955,0.12392114744366362,0.07144896447202406,,15110601947.0,13587832869.0,0.09639940761838127,0.0528567008018854,-0.04354270681649587,0.01471812927941132,0.011817661811757443,0.05801847037681246,income,0.03568815017929256,0.060431,"[{""feature"": ""income"", ""psi"": 0.03568815017929256}, {""feature"": ""region"", ""psi"": 0.022838415638966124}, {""feature"": ""age"", ""psi"": 0.00034595129938659814}, {""feature"": ""occupation"", ""psi"": 0.0}]",shap_age,1.0474166838307553,,"Cluster_2: occupation != Salaried AND region != West Bengal AND age >= 49.5 AND income < 99,398.5",0.0,4.577818012624755e-227,True,0.0036,0.0,0.0,1.0,Population Share: Stable,1.2086,0.005396,"Significant bad-rate shift (Dev 12.56% -> Mon 15.58%, p_adj=0.0000) | Population share stable (low PSI) but the score no longer separates risk inside this segment -- concept drift, not exposure drift",5,0.0,1.8311272050499018e-227,2.0,0.9895803765729965,0.857425397606165,,,,,,,,,,,,,,,,,,,,,,,,,,,,,,,,,,,,,,,,,,
K-Means Clustering,106837,64899,0.106837,0.064899,12551.0,8436.0,0.020904922644859113,0.11747802727519492,0.12998659455461564,0.012508567279420721,,0.5000546509185737,0.4943081744044554,-0.005746476514118304,0.00010930183714741304,-0.011383651191089195,-0.011492953028236608,0.006244879587167129,0.011597739619210512,0.005352860032043383,,16012937691.0,9724024976.0,0.10215593747070531,0.03782647929966181,-0.06432945817104349,0.00034948144978085076,6.938893903907228e-18,0.041873807909738714,region,0.0009102173017636558,0.002327,"[{""feature"": ""region"", ""psi"": 0.0009102173017636558}, {""feature"": ""age"", ""psi"": 0.0002911881192529538}, {""feature"": ""income"", ""psi"": 0.0001965203781067934}, {""feature"": ""occupation"", ""psi"": 0.0}]",shap_age,9.045032466438543e-12,,"Cluster_7: occupation = Salaried AND age >= 50.5 AND income < 100,986.5",2.0816681711721685e-14,0.9188494727816006,True,0.0025,1.4e-05,0.0,1.0,Population Share: Stable,0.0465,0.000746,Segment performance stable,6,1.6653345369377348e-14,0.8602800702651061,7.0,0.9993705026210968,0.861864335389425,,,,,,,,,,,,,,,,,,,,,,,,,,,,,,,,,,,,,,,,,,
K-Means Clustering,99011,59745,0.099011,0.059745,11799.0,7688.0,0.019835041230731706,0.11916857722879276,0.12868022428655118,0.009511647057758421,,0.49989229596661383,0.49626064007681325,-0.003631655889800578,-0.00021540806677233792,-0.007478719846373494,-0.007263311779601156,0.006102254811232,0.00891270189162896,0.0028104470803969606,,14852718740.0,8956425330.0,0.09475421912908591,0.034840514928785565,-0.059913704200300344,0.00027990392662541514,6.071532165918825e-18,0.031456223742474865,region,0.0006074382228932663,0.001412,"[{""feature"": ""region"", ""psi"": 0.0006074382228932663}, {""feature"": ""income"", ""psi"": 0.0002773457606262278}, {""feature"": ""age"", ""psi"": 0.0002348317229821664}, {""feature"": ""occupation"", ""psi"": 0.0}]",shap_age,1.0059336817698336e-11,,"Cluster_6: occupation = Salaried AND age >= 50.5 AND income >= 100,986.5",2.2040079761254106e-08,0.9188494727816006,True,0.0021,8e-06,0.0,1.0,Population Share: Stable,0.0282,0.000434,Segment performance stable,7,2.2040079761254106e-08,0.9188494727816006,6.0,0.9992797497130252,0.8968094454151558,,,,,,,,,,,,,,,,,,,,,,,,,,,,,,,,,,,,,,,,,,
K-Means Clustering,121399,73273,0.121399,0.073273,14282.0,9492.0,0.02429835777617348,0.11764512063526059,0.129542942147858,0.011897821512597412,,0.49777924233283466,0.5049411715961024,0.007161929263267752,-0.004441515334330681,0.009882343192204823,0.014323858526535505,0.009491001413179767,0.012301199519824946,0.0028101981066451787,,18222880318.0,10991043615.0,0.11625445987640635,0.042755184690557876,-0.07349927518584848,0.00029908879370393616,9.540979117872439e-18,0.03858676336705863,region,0.0007472272974281815,0.000665,"[{""feature"": ""region"", ""psi"": 0.0007472272974281815}, {""feature"": ""age"", ""psi"": 0.0003043019695978647}, {""feature"": ""income"", ""psi"": 0.00014482590778969835}, {""feature"": ""occupation"", ""psi"": 0.0}]",shap_age,8.194813885850953e-12,,"Cluster_1: occupation = Salaried AND age < 45.5 AND income >= 82,247.5",1.1419436824715896e-14,0.4585492653060963,True,0.0032,0.0,0.0,1.0,Population Share: Stable,0.0133,0.00105,Segment performance stable,8,7.993605777301127e-15,0.2751295591836578,1.0,0.9931715303862082,0.8494386279952882,,,,,,,,,,,,,,,,,,,,,,,,,,,,,,,,,,,,,,,,,,
K-Means Clustering,100090,60632,0.10009,0.060632,11681.0,7933.0,0.019778203128549086,0.11670496553102208,0.13083850112151998,0.014133535590497903,,0.502389109412815,0.5044752410596414,0.0020861316468263613,0.0047782188256300095,0.008950482119282732,0.004172263293652723,0.007821674982046112,0.011978273504652026,0.004156598522605914,,15027087653.0,9080204924.0,0.09586662087053992,0.03532201783130974,-0.06054460303923018,0.0002366370224232535,2.6020852139652106e-18,0.04656893822293151,age,0.0004702835883952831,0.000471,"[{""feature"": ""age"", ""psi"": 0.0004702835883952831}, {""feature"": ""region"", ""psi"": 0.00028227895875436606}, {""feature"": ""income"", ""psi"": 0.00019398554254336492}, {""feature"": ""occupation"", ""psi"": 0.0}]",shap_age,9.777222629629362e-12,,"Cluster_8: occupation = Business AND age < 49.5 AND income < 102,603.5",0.0,0.4765151315861799,True,0.0022,0.0,0.0,1.0,Population Share: Stable,0.0094,0.000253,Segment performance stable,9,0.0,0.33356059211032596,8.0,0.9728214229989078,0.9966729943051253,,,,,,,,,,,,,,,,,,,,,,,,,,,,,,,,,,,,,,,,,,
K-Means Clustering,86230,52410,0.08623,0.05241,10069.0,6837.0,0.01683967916131835,0.11676910587962426,0.13045220377790498,0.013683097898280719,,0.49845368698343007,0.5020095939182432,0.0035559069348131134,-0.003092626033139867,0.00401918783648636,0.007111813869626227,0.007704365384029965,0.012669016136751532,0.004964650752721567,,12930765403.0,7870079569.0,0.0824929496040982,0.03061462744472797,-0.05187832215937023,0.00014433147536960242,1.734723475976807e-18,0.04492665142234925,income,0.0002570144214075223,0.000185,"[{""feature"": ""income"", ""psi"": 0.0002570144214075223}, {""feature"": ""age"", ""psi"": 0.00019087632829432256}, {""feature"": ""region"", ""psi"": 0.00012943515177656488}, {""feature"": ""occupation"", ""psi"": 0.0}]",shap_age,1.117847401695355e-11,,"Cluster_0: occupation != Salaried AND age < 46.5 AND income >= 102,603.5",4.835638062811793e-14,0.2490450366097101,True,0.0016,0.0,0.0,1.0,Population Share: Stable,0.0037,0.000373,Segment performance stable,10,4.3520742565306136e-14,0.12452251830485506,0.0,0.9838343949044586,0.8956395685956163,,,,,,,,,,,,,,,,,,,,,,,,,,,,,,,,,,,,,,,,,,
AutoSlicer,73538,91437,0.073538,0.091437,30693.0,28238.0,0.003899260119293292,0.41737605047730425,0.30882465522709623,-0.10855139525020802,0.0,0.6765895703594803,0.5551591067824808,-0.12143046357699949,0.3531791407189606,0.11031821356496163,-0.24286092715399898,0.34859214661261073,0.1156260002271573,-0.23296614638545343,0.0,10520904874.0,17667731744.0,0.06711903344554035,0.06872751671615965,0.0016084832706192986,0.05985638676312522,0.07988183723190444,-0.23831706055472285,region,0.13384921424877477,0.656362,"[{""feature"": ""region"", ""psi"": 0.13384921424877477}, {""feature"": ""occupation"", ""psi"": 0.06113345886646132}, {""feature"": ""income"", ""psi"": 0.03497114164070755}, {""feature"": ""age"", ""psi"": 0.009471732296557244}]",shap_age,39.42772436214112,,"36 <= age < 46 AND income < 60,810",0.0,0.0,True,0.0078,0.000763,0.000158,1.0,Population Share: Stable,13.1272,0.022206,"Gini drop 0.2429 (Dev 0.3532 -> Mon 0.1103) | KS drop 0.2330 (Dev 0.3486 -> Mon 0.1156) | Significant bad-rate shift (Dev 41.74% -> Mon 30.88%, p_adj=0.0000) | Population share stable (low PSI) but the score no longer separates risk inside this segment -- concept drift, not exposure drift",1,,,,,,,,,,,,,,,,,,,,,,,,,,,,,,,,,,,,,,,,,,,,,,,
AutoSlicer,252655,206350,0.252655,0.20635,54496.0,45443.0,0.009374501221586075,0.2156933367635709,0.22022292221952994,0.004529585455959051,0.0002164914350422098,0.7234825760422992,0.647650484653369,-0.0758320913889301,0.4469651520845983,0.2953009693067381,-0.1516641827778602,0.44687602481991767,0.29570483608809656,-0.15117118873182112,0.0,37303664562.0,35462298493.0,0.23798199293348124,0.13794842189059106,-0.10003357104289018,0.08871375239840015,0.06055452549173715,-0.07947964586663181,region,0.18091803957795147,0.621039,"[{""feature"": ""region"", ""psi"": 0.18091803957795147}, {""feature"": ""income"", ""psi"": 0.12398090964352428}, {""feature"": ""occupation"", ""psi"": 0.044067820422028496}, {""feature"": ""age"", ""psi"": 0.005888239950096335}]",shap_age,16.946407192281924,,36 <= age < 46,0.0002164914350422098,0.0,True,0.033,0.002159,0.0,1.0,Population Share: Stable,12.4208,0.031296,"Gini drop 0.1517 (Dev 0.4470 -> Mon 0.2953) | KS drop 0.1512 (Dev 0.4469 -> Mon 0.2957) | Population share stable (low PSI) but the score no longer separates risk inside this segment -- concept drift, not exposure drift",2,,,,,,,,,,,,,,,,,,,,,,,,,,,,,,,,,,,,,,,,,,,,,,,
AutoSlicer,79400,274000,0.0794,0.274,57215.0,42590.0,0.2410373470410672,0.7205919395465995,0.15543795620437956,-0.5651539833422199,0.0,0.5001672709592465,0.4989768927726356,-0.0011903781866108853,0.0003345419184930254,-0.0020462144547287453,-0.0023807563732217707,0.006148801821045546,0.004303343918387381,-0.0018454579026581652,0.5386828997054317,14692709422.0,102764829928.0,0.09373342568070289,0.3997554224304122,0.3060219967497093,8.461987448387607e-05,0.1175,-0.7290654978041706,income,0.00026842850786024434,0.346628,"[{""feature"": ""income"", ""psi"": 0.00026842850786024434}, {""feature"": ""age"", ""psi"": 4.2617604049611554e-05}, {""feature"": ""region"", ""psi"": 2.743338602564837e-05}, {""feature"": ""occupation"", ""psi"": 0.0}]",shap_age,51.4341581464781,,occupation = SelfEmp,0.0,0.6105072863328226,True,0.1362,0.00013,9.3e-05,1.0,Population Share: Moderate Drift,6.9326,0.000652,"Population shift (Dev 7.9% -> Mon 27.4%, PSI 0.2410) | Significant bad-rate shift (Dev 72.06% -> Mon 15.54%, p_adj=0.0000)",3,,,,,,,,,,,,,,,,,,,,,,,,,,,,,,,,,,,,,,,,,,,,,,,
AutoSlicer,40556,28635,0.040556,0.028635,6753.0,5252.0,0.004149151605783837,0.16651050399447678,0.18341190850357952,0.01690140450910274,7.370255294958383e-09,0.6541629024564981,0.6379234069028804,-0.0162394955536177,0.3083258049129962,0.2758468138057608,-0.0324789911072354,0.3088887394470638,0.26269318076590686,-0.046195558681156934,5.895948448173571e-273,6027059705.0,4658105754.0,0.0384501548833378,0.01812004199024556,-0.02033011289309224,0.05380512706828445,0.03854545584922054,-0.02130359130298981,region,0.12995744305688522,0.168001,"[{""feature"": ""region"", ""psi"": 0.12995744305688522}, {""feature"": ""income"", ""psi"": 0.06672581509680608}, {""feature"": ""occupation"", ""psi"": 0.018440440100910834}, {""feature"": ""age"", ""psi"": 9.68100185356495e-05}]",shap_age,0.1287793484596019,,"age < 36 AND 60,810 <= income < 91,458.5",8.640988966502932e-09,1.0550644591468496e-272,True,0.0005,8e-06,0.0,1.0,Population Share: Stable,3.36,0.00093,Segment performance stable,4,,,,,,,,,,,,,,,,,,,,,,,,,,,,,,,,,,,,,,,,,,,,,,,
AutoSlicer,66303,46681,0.066303,0.046681,10546.0,8277.0,0.006885318895925228,0.15905765953275117,0.17730982626764635,0.018252166734895187,4.440892098500626e-16,0.6473057050908109,0.6263358436558897,-0.02096986143492119,0.29461141018162174,0.25267168731177936,-0.04193972286984238,0.2971326693853375,0.24927297301762832,-0.047859696367709176,0.0,9857985257.0,7547981041.0,0.0628898797293913,0.029361663437342686,-0.03352821629204861,0.04706314818202906,0.035688798927896115,-0.009675328767492886,region,0.11892906096616887,0.152911,"[{""feature"": ""region"", ""psi"": 0.11892906096616887}, {""feature"": ""income"", ""psi"": 0.05090672631384064}, {""feature"": ""occupation"", ""psi"": 0.015927914434458984}, {""feature"": ""age"", ""psi"": 0.0024888910136477297}]",shap_age,0.11816332159989905,,"36 <= age < 46 AND 60,810 <= income < 91,458.5",6.564797015174838e-16,0.0,True,0.0014,2.9e-05,0.0,1.0,Population Share: Stable,3.0582,0.001958,Segment performance stable,5,,,,,,,,,,,,,,,,,,,,,,,,,,,,,,,,,,,,,,,,,,,,,,,
AutoSlicer,129177,88629,0.129177,0.088629,20081.0,15218.0,0.015275422556632534,0.15545337018199834,0.17170452109354725,0.01625115091154891,0.0,0.6291849716501801,0.6178824666534353,-0.011302504996744789,0.2583699433003601,0.23576493330687054,-0.022605009993489578,0.262581511695847,0.2355531953467958,-0.027028316349051174,0.0,19238436380.0,14190172236.0,0.12273328865658559,0.055199802311129906,-0.06753348634545568,0.04188973330394057,0.03165554957207864,-0.00848052343921879,region,0.10694793847727779,0.140759,"[{""feature"": ""region"", ""psi"": 0.10694793847727779}, {""feature"": ""income"", ""psi"": 0.04237196139748754}, {""feature"": ""age"", ""psi"": 0.018239033340996937}, {""feature"": ""occupation"", ""psi"": 0.0}]",shap_region,6.9938734555638735,,"60,810 <= income < 91,458.5 AND occupation = Salaried",0.0,0.0,True,0.0051,5.5e-05,0.0,1.0,Population Share: Stable,2.8152,0.002003,Segment performance stable,6,,,,,,,,,,,,,,,,,,,,,,,,,,,,,,,,,,,,,,,,,,,,,,,
AutoSlicer,146461,136177,0.146461,0.136177,22132.0,28756.0,0.0007487129553086082,0.15111190009627137,0.21116634967725828,0.06005444958098691,0.0,0.5960465306047701,0.6155937145625004,0.019547183957730363,0.19209306120954017,0.2311874291250009,0.039094367915460726,0.1544285575320753,0.18945810379597627,0.03502954626390098,0.0,24948305185.0,43254719476.0,0.15915989643245612,0.16826095725893914,0.009101060826483015,0.037161557499546014,0.038696779522863906,0.07174406498275121,region,0.09151498251055988,0.130447,"[{""feature"": ""region"", ""psi"": 0.09151498251055988}, {""feature"": ""income"", ""psi"": 0.05707469974608338}, {""feature"": ""age"", ""psi"": 5.654774154078089e-05}, {""feature"": ""occupation"", ""psi"": 0.0}]",shap_occupation,16.93756796115972,,age >= 58 AND occupation = Business,0.0,0.0,True,0.0229,0.0,0.0,1.0,Population Share: Stable,2.6089,0.005324,"Significant bad-rate shift (Dev 15.11% -> Mon 21.12%, p_adj=0.0000)",7,,,,,,,,,,,,,,,,,,,,,,,,,,,,,,,,,,,,,,,,,,,,,,,
AutoSlicer,81873,73164,0.081873,0.073164,12047.0,14933.0,0.0009794643862486045,0.14714252561894642,0.20410311081952873,0.05696058520058231,0.0,0.586047306942775,0.6173603305574721,0.03131302361469712,0.17209461388554992,0.23472066111494416,0.06262604722939424,0.13911368573983657,0.19154215832947263,0.052428472589636066,0.0,13724207674.0,22162193511.0,0.08755478401493506,0.086210983224334,-0.001343800790601063,0.038766058729579174,0.03504054657224721,0.06956332078811378,occupation,0.07737219091480632,0.129287,"[{""feature"": ""occupation"", ""psi"": 0.07737219091480632}, {""feature"": ""region"", ""psi"": 0.07711335437116802}, {""feature"": ""age"", ""psi"": 0.0003406967655372195}, {""feature"": ""income"", ""psi"": 0.00023799286680512835}]",shap_occupation,14.83348752721799,,"age >= 58 AND 91,458.5 <= income < 120,806",0.0,0.0,True,0.0063,0.0,0.0,1.0,Population Share: Stable,2.5857,0.004582,"Significant bad-rate shift (Dev 14.71% -> Mon 20.41%, p_adj=0.0000) | Population share stable (low PSI) but the score no longer separates risk inside this segment -- concept drift, not exposure drift",8,,,,,,,,,,,,,,,,,,,,,,,,,,,,,,,,,,,,,,,,,,,,,,,
AutoSlicer,82336,72502,0.082336,0.072502,12144.0,14650.0,0.001250828632246565,0.14749319860085502,0.20206339135472126,0.05457019275386624,0.0,0.5883975649286295,0.6183476914966495,0.029950126568019986,0.17679512985725898,0.23669538299329895,0.05990025313603997,0.14200765121407632,0.19384589699171173,0.051838245777635406,0.0,13789432382.0,21952008820.0,0.08797089074816353,0.08539336429772283,-0.0025775264504406953,0.03777408496680492,0.034918598203927495,0.06571300816981196,region,0.07716493600301669,0.126963,"[{""feature"": ""region"", ""psi"": 0.07716493600301669}, {""feature"": ""occupation"", ""psi"": 0.07319753860776998}, {""feature"": ""income"", ""psi"": 0.0004635455112828332}, {""feature"": ""age"", ""psi"": 0.00027031974515017516}]",shap_occupation,14.789256216776911,,"age >= 58 AND income >= 120,806",0.0,0.0,True,0.0062,0.0,0.0,1.0,Population Share: Stable,2.5393,0.004343,"Significant bad-rate shift (Dev 14.75% -> Mon 20.21%, p_adj=0.0000) | Population share stable (low PSI) but the score no longer separates risk inside this segment -- concept drift, not exposure drift",9,,,,,,,,,,,,,,,,,,,,,,,,,,,,,,,,,,,,,,,,,,,,,,,
AutoSlicer,138011,122929,0.138011,0.122929,20037.0,24896.0,0.001745386155865023,0.14518407952989254,0.2025234078207746,0.05733932829088206,0.0,0.5868006412017606,0.6185713955916475,0.03177075438988697,0.17360128240352113,0.23714279118329507,0.06354150877977394,0.13929681459940096,0.19359119925240542,0.05429438465300446,0.0,23143401866.0,37040021546.0,0.1476453577416534,0.14408576815946636,-0.0035595895821870505,0.036584838711328525,0.03465687342512628,0.07312015162757268,region,0.07831702407841179,0.124029,"[{""feature"": ""region"", ""psi"": 0.07831702407841179}, {""feature"": ""age"", ""psi"": 0.06795423057344749}, {""feature"": ""income"", ""psi"": 6.810019345483424e-05}, {""feature"": ""occupation"", ""psi"": 0.0}]",shap_occupation,14.981469562331196,,"91,458.5 <= income < 120,806 AND occupation = Business",0.0,0.0,True,0.0177,0.0,0.0,1.0,Population Share: Stable,2.4806,0.007811,"Significant bad-rate shift (Dev 14.52% -> Mon 20.25%, p_adj=0.0000) | Population share stable (low PSI) but the score no longer separates risk inside this segment -- concept drift, not exposure drift",10,,,,,,,,,,,,,,,,,,,,,,,,,,,,,,,,,,,,,,,,,,,,,,,
Feature Binning,120280,304946,0.12028,0.304946,,,0.17179706109575132,0.6345277685400732,0.20642671161451537,-0.42810105692555783,,0.5622403310647834,0.4273505293256164,-0.13488980173916704,0.12448066212956688,-0.1452989413487672,-0.2697796034783341,0.081596627457584,0.0923385306309551,0.010741903173371092,,19707610526.0,99406114088.0,0.1257264261836607,0.38669001016452675,0.26096358398086605,0.11717643485542364,0.12174735679567539,2.293832651960291,income,0.17179706109575132,1.0,"[{""feature"": ""region"", ""psi"": 0.15619642283146407}, {""feature"": ""age"", ""psi"": 0.15617173242000784}, {""feature"": ""occupation"", ""psi"": 0.15613716373690398}, {""feature"": ""income"", ""psi"": 0.0002004204333187019}]",shap_age,50.67164655366391,,29987.5 < income <= 49999.5,,,,0.38669001016452675,0.015906147666615394,0.01076095406157541,1.0,Moderate Drift,19.999999999999996,,,1,,,,,,income,numeric,-1.303724359792395,0.9901082921678959,2.55700675618355,-3.156408447481581,-5.7134152036651304,0.0938375583813996,0.5405085467188503,0.44667098833745067,62949.0,-0.2789970140917517,-0.2630249644847997,0.0,0.005615861276717503,0.016237673471302217,0.0,-0.13949850704587585,-0.13151248224239984,0.0,-0.4313394332767222,-0.42496437157258987,0.0,0.4434694497958425,0.4501491871634176,0.0,0.42810105692555783,0.44667098833745067,1.0,0.29837746406316495,1.0,0.7499903808604567,0.8081775107754263,0.7713090711398095,0.0,0.0,0.0,0.0,0.0,0.0,True,
Feature Binning,311306,260258,0.311306,0.260258,,,0.009142845072898411,0.2232080332534548,0.22525724473407158,0.002049211480616764,,0.7280159197629035,0.6464502364209026,-0.08156568334200087,0.45603183952580695,0.2929004728418052,-0.16313136668400174,0.4577300389249736,0.29240533770971106,-0.16532470121526255,,45934522224.0,45035753473.0,0.29304330477093266,0.17518918356294305,-0.1178541212079896,0.09295567650720674,0.06352781052171241,0.7264562847775409,age,0.009142845072898411,0.318747,"[{""feature"": ""region"", ""psi"": 0.18998707839803755}, {""feature"": ""income"", ""psi"": 0.13160951072364938}, {""feature"": ""occupation"", ""psi"": 0.05011601022907573}, {""feature"": ""age"", ""psi"": 0.00011010667806426403}]",shap_age,18.242674473296226,,29.5 < age <= 41.5,,,,0.17518918356294305,0.0037189372943456874,0.0,0.9823999999999999,Stable,6.374930683295553,,,2,,,,,,age,numeric,-3.294713094691948,-2.568256809914407,4.650668118484429,2.6413042703279075,-2.0093638481565215,0.17157316057220479,0.2475485276518299,0.07597536707962513,58625.0,-0.1708470557844967,-0.15684220897222126,0.0,-0.17122024397754135,-0.16113350135389853,0.0,-0.08542352789224834,-0.07842110448611063,0.0,-0.0002307016222944414,0.00457222908753311,0.08,0.07362453301651593,0.0780619295103466,0.0,0.002049211480616764,0.07597536707962513,0.7159482364572765,0.9837736594727037,0.7159482364572765,0.002549149548433475,0.12643583213847404,0.5089310228148328,0.0,0.0,0.0,0.088,0.0,0.0,True,
Feature Binning,77838,64573,0.077838,0.064573,,,0.002478344746607371,0.22544258588350163,0.22603874684465644,0.0005961609611548069,,0.730951472563107,0.6487145048629741,-0.08223696770013289,0.461902945126214,0.2974290097259482,-0.16447393540026578,0.46049396611764365,0.2976968802744357,-0.16279708584320796,,11454031844.0,11189317606.0,0.07307199861901538,0.04352647096704664,-0.029545527651968738,0.09084474690125793,0.06334227608547871,0.7310273186919316,age,0.002478344746607371,0.238168,"[{""feature"": ""region"", ""psi"": 0.18651960982547697}, {""feature"": ""income"", ""psi"": 0.13112695508005026}, {""feature"": ""occupation"", ""psi"": 0.04569535704203359}, {""feature"": ""age"", ""psi"": 3.706565747091325e-05}]",shap_age,17.36103810102056,,41.5 < age <= 44.5,,,,0.04352647096704664,0.00023113808406669955,0.0,0.8640000000000001,Stable,4.763357941466722,,,3,,,,,,age,numeric,-3.320883967964394,-2.589856649272462,4.7157487674,2.6899197821974195,-2.0258289852025806,0.17139822594598497,0.24677685072258732,0.07537862477660234,14596.0,-0.1783664598380563,-0.15237706528881206,0.0,-0.17344706863786727,-0.15308715558810743,0.0,-0.08918322991902815,-0.07618853264440603,0.0,-0.0026072860522646213,0.00518086949481425,0.68,0.07093907564584084,0.0790259031824767,0.0,0.0005961609611548069,0.07537862477660234,0.7195240950274235,0.9739340992365052,0.7195240950274235,0.0,0.12533837083586674,0.5076641320254438,0.0,0.0,0.0,0.68,0.0,0.0,True,
Feature Binning,158224,134280,0.158224,0.13428,,,0.003928841145587932,0.2304264839720902,0.2286937742031576,-0.001732709768932611,,0.7307841885882049,0.64474787059784,-0.08603631799036493,0.46156837717640986,0.28949574119568,-0.17207263598072986,0.4597637777669408,0.2902708061448259,-0.16949297162211485,,23313046788.0,23344197704.0,0.14872762236907372,0.09080898222669978,-0.05791864014237394,0.07854949810535021,0.06508624268722257,0.7222914703940448,income,0.003928841145587932,0.237322,"[{""feature"": ""region"", ""psi"": 0.19127244380324734}, {""feature"": ""age"", ""psi"": 0.07035188884772287}, {""feature"": ""occupation"", ""psi"": 0.05249695520884244}, {""feature"": ""income"", ""psi"": 7.670456158822834e-05}]",shap_age,11.33391846180545,,49999.5 < income <= 65001.5,,,,0.09080898222669978,0.0010491122468778036,0.0,0.9580952380952381,Stable,4.746440798585907,,,4,,,,,,income,numeric,-3.2802627761910967,-2.557971305797052,4.649956390781213,2.628445025510448,-2.021511365270765,0.17063044930878327,0.25069296799791785,0.08006251868913458,30709.0,-0.18101826075185753,-0.1629337621297956,0.0,-0.17638162299683957,-0.16348185170003265,0.0,-0.09050913037592877,-0.0814668810648978,0.0,-0.0040970067966673036,0.0014041054355415266,0.2,0.07784957632449127,0.08421415923756477,0.0,0.001732709768932611,0.08006251868913458,0.7397628196926648,1.0,0.7397628196926648,0.001993896868219142,0.13395246152205317,0.5230943995551203,0.0,0.0,0.0,0.20952380952380953,0.0,0.0,True,
Feature Binning,79400,274000,0.0794,0.274,,,0.2410373470410672,0.7205919395465995,0.15543795620437956,-0.5651539833422199,,0.5001672709592465,0.4989768927726356,-0.0011903781866108853,0.0003345419184930254,-0.0020462144547287453,-0.0023807563732217707,0.006148801821045546,0.004303343918387381,-0.0018454579026581652,,14692709422.0,102764829928.0,0.09373342568070289,0.3997554224304122,0.3060219967497093,8.461987448387607e-05,0.1175,-2.604376254156674,occupation,0.2410373470410672,0.150292,"[{""feature"": ""income"", ""psi"": 0.00026842850786024434}, {""feature"": ""age"", ""psi"": 4.2617604049611554e-05}, {""feature"": ""region"", ""psi"": 2.743338602564837e-05}, {""feature"": ""occupation"", ""psi"": 0.0}]",shap_age,51.4341581464781,,occupation = SelfEmp,,,,0.3997554224304122,0.00013038567694631962,9.261021824193942e-05,0.5280000000000001,Moderate Drift,3.0058332118736892,,,5,,,,,,occupation,categorical,0.9476482712923276,-1.6567279828643466,0.00016828342214184056,-0.04623299583296442,-0.04640127925510626,0.07261271550078566,0.6195110094664595,0.5468982939656739,42590.0,-0.012425513658251997,0.005447003131053939,0.8,-0.007879093416896486,0.0010940082651214606,0.16,-0.006212756829125999,0.0027235015655269696,0.8,-0.5675022348268952,-0.562471161448087,0.0,0.5430527385785239,0.5505907683582842,0.0,0.5651539833422199,0.5468982939656739,0.2877977510685412,0.34737783765311264,0.2877977510685412,0.9904282739736888,0.9925042944379711,0.581181181640371,0.9599999999999999,0.44,0.9599999999999999,0.0,0.0,0.0,True,
Feature Binning,27892,95799,0.027892,0.095799,,,0.08379128507885922,0.7177326832066543,0.15682835937744652,-0.5609043238292077,,0.49873707238380116,0.49373288058409137,-0.0050041917997097896,-0.002525855232397678,-0.012534238831817257,-0.010008383599419579,0.012495813468504313,0.013948987098822085,0.0014531736303177722,,5158367933.0,35929739475.0,0.0329082596949474,0.1397667683750023,0.10685850868005489,0.0001395766248914248,0.11750000000000002,-2.432960196764978,region,0.08379128507885922,0.147733,"[{""feature"": ""income"", ""psi"": 0.0004341093888095136}, {""feature"": ""age"", ""psi"": 0.00012403577698375998}, {""feature"": ""region"", ""psi"": 1.6133377242562662e-07}, {""feature"": ""occupation"", ""psi"": 0.0}]",shap_age,49.337123824144214,,"region IN (Goa, Gujarat)",,,,0.1397667683750023,6.70037093897649e-05,4.75021239270793e-05,0.5968000000000001,Stable,2.9546657006487598,,,6,,,,,,region,categorical,0.9824763776740941,-1.4504838190908842,-0.06333091239875681,-0.2989955520821441,-0.2356646396833873,0.07482418017244039,0.6181229677539553,0.5432987875815148,15024.0,-0.02267860629444653,0.0061049447108647206,0.24,-0.01127971520400858,0.00900748239317057,0.96,-0.011339303147223265,0.0030524723554323603,0.24,-0.5686749197717673,-0.5550453822018393,0.0,0.5392304440719355,0.5481198213704395,0.0,0.5609043238292077,0.5432987875815148,0.3081135202774244,0.3345368476731548,0.3081135202774244,0.9829729119725092,0.9858844872865552,0.5839242574974136,0.5279999999999999,0.9599999999999999,0.5279999999999999,0.0,0.0,0.0,True,
Feature Binning,15683,54595,0.015683,0.054595,,,0.048537466113968336,0.7219282025122744,0.1552889458741643,-0.5666392566381101,,0.5074703431326979,0.4962837017877997,-0.011186641344898218,0.014940686265395797,-0.007432596424400639,-0.022373282689796437,0.019228260187565294,0.013168394737483269,-0.006059865450082025,,2902483429.0,20481576272.0,0.018516647064038234,0.07967337833761365,0.06115673127357542,0.00024063135864281908,0.11749999999999994,-2.15313454756189,income,0.048537466113968336,0.147145,"[{""feature"": ""income"", ""psi"": 0.0006538082754942504}, {""feature"": ""region"", ""psi"": 0.0001937403980118807}, {""feature"": ""age"", ""psi"": 0.00011497676106514521}, {""feature"": ""occupation"", ""psi"": 0.0}]",shap_age,48.19905129078781,,income <= 29987.5,,,,0.07967337833761365,4.8659295560138975e-05,3.4689735829141216e-05,0.78,Stable,2.942899723886425,,,7,,,,,,income,numeric,0.5958053345782247,-1.5573292129836653,0.4620872546401117,-0.17604926993046013,-0.6381365245705718,0.06874705412058063,0.619721122411271,0.5509740682906903,8478.0,-0.039449305117128325,0.00023538591587579216,0.08,-0.01779130909845748,0.008628929360874803,0.44,-0.019724652558564162,0.00011769295793789608,0.08,-0.5754004725410827,-0.5588272522742681,0.0,0.5447924944433787,0.5556878493880518,0.0,0.5666392566381101,0.5509740682906903,0.34104675478952107,0.3637837819202813,0.34104675478952107,0.9930339533363863,1.0,0.607782248967142,0.22,0.6599999999999999,0.22,0.0,0.0,0.0,True,
Feature Binning,17499,60680,0.017499,0.06068,,,0.05369429612141638,0.7270701182924738,0.1564601186552406,-0.5706099996372332,,0.49880824581920846,0.49546913423824923,-0.003339111580959231,-0.0023835083615830754,-0.009061731523501537,-0.006678223161918462,0.013836424518252621,0.011798274278952636,-0.002038150239299985,,3236658496.0,22742572786.0,0.0206485461513561,0.08846865992569218,0.06782011377433608,0.00028873963386832587,0.11749999999999995,-2.5511920006717403,age,0.05369429612141638,0.145939,"[{""feature"": ""income"", ""psi"": 0.000721461833430912}, {""feature"": ""region"", ""psi"": 0.00043349670204239146}, {""feature"": ""age"", ""psi"": 0.0}, {""feature"": ""occupation"", ""psi"": 0.0}]",shap_region,48.41428955605087,,25.5 < age <= 27.5,,,,0.08846865992569218,1.792528018888803e-05,1.2759641025299427e-05,0.516,Stable,2.9187894928912366,,,8,,,,,,age,numeric,1.0323829962257893,-1.5188090044459508,-0.06739558971176896,-0.2143520382825629,-0.14695644857079396,0.0710116566509713,0.6183527449086641,0.5473410882576928,9494.0,-0.033196337143449405,0.014722407932951634,0.48,-0.01725856300168897,0.008352050717843435,0.48,-0.016598168571724702,0.007361203966475817,0.48,-0.5778933701334398,-0.5622074895710211,0.0,0.54093365294236,0.553074114673549,0.0,0.5706099996372332,0.5473410882576928,0.29924381953425494,0.34812795488787995,0.29924381953425494,1.0,0.9933186318798527,0.5879868451672485,0.8799999999999999,0.6599999999999999,0.8799999999999999,0.0,0.0,0.0,True,
Feature Binning,44092,152092,0.044092,0.152092,,,0.13372638200696538,0.7201306359430282,0.1552349893485522,-0.564895646594476,,0.5015156053417225,0.5010302641140463,-0.0004853412276761837,0.003031210683444918,0.0020605282280925508,-0.0009706824553523674,0.00782222067048799,0.004180945823047316,-0.003641274847440673,,8153055075.0,57062458877.0,0.052013128415845565,0.22197309497106374,0.16995996655521817,9.450118689212383e-05,0.11749999999999997,-2.628105680357961,age,0.13372638200696538,0.145543,"[{""feature"": ""income"", ""psi"": 0.00030777923071585305}, {""feature"": ""age"", ""psi"": 4.201151092943757e-05}, {""feature"": ""region"", ""psi"": 2.821400592320468e-05}, {""feature"": ""occupation"", ""psi"": 0.0}]",shap_age,50.2572956312837,,age <= 25.5,,,,0.22197309497106374,1.6385280960386446e-05,1.1636230531517466e-05,0.5599999999999999,Moderate Drift,2.9108524112635696,,,9,,,,,,age,numeric,0.8933474213801899,-1.7347582589777713,0.06713586523763508,0.05246742417955487,-0.014668441058080212,0.07188428540540634,0.6198174418818545,0.5479331564764481,23610.0,-0.013881635454465089,0.006988352958001973,0.68,-0.010277448086212617,0.000558397845763668,0.16,-0.006940817727232544,0.0034941764790009863,0.68,-0.5681472102581694,-0.5604690222757952,0.0,0.5441949620444267,0.552064851850202,0.0,0.564895646594476,0.5479331564764481,0.28404209607474307,0.35436863585632583,0.28404209607474307,0.9899750626124632,0.9944074971325692,0.5813670775501689,0.88,0.44,0.88,0.0,0.0,0.0,True,
Feature Binning,17809,61228,0.017809,0.061228,,,0.05361815148454568,0.715368633836824,0.15492911739726922,-0.5604395164395548,,0.49822217913980166,0.4973778006062989,-0.0008443785335027765,-0.003555641720396685,-0.005244398787402238,-0.001688757067005553,0.013262007839692919,0.013707014349965019,0.00044500651027210014,,3302995851.0,22959798265.0,0.02107175111350123,0.08931366753365624,0.06824191642015501,0.00022494377903517593,0.11749999999999992,-2.5883553768382948,age,0.05361815148454568,0.145273,"[{""feature"": ""income"", ""psi"": 0.0008566989680012793}, {""feature"": ""region"", ""psi"": 4.3076148139424405e-05}, {""feature"": ""age"", ""psi"": 0.0}, {""feature"": ""occupation"", ""psi"": 0.0}]",shap_age,48.44084021398445,,27.5 < age <= 29.5,,,,0.08931366753365624,4.617481676387166e-06,3.2751606304928717e-06,0.46933333333333344,Stable,2.9054661628038585,,,10,,,,,,age,numeric,0.9874402335834924,-1.600915143254802,-0.08482967583598888,-0.12333563549294309,-0.038505959656954206,0.07769918553482388,0.6198977210109288,0.5421985354761049,9486.0,-0.024547562289260173,0.018171337435802633,0.96,-0.014483278515396379,0.006185708295183943,0.6,-0.012273781144630087,0.009085668717901316,0.96,-0.5672852213362874,-0.5569030408358933,0.0,0.5365790287231451,0.5501776209623157,0.0,0.5604395164395548,0.5421985354761049,0.28595464864875975,0.3384614642170796,0.28595464864875975,0.9821574802090761,0.9838610274066654,0.5752778538260681,0.9599999999999999,0.7333333333333333,0.9599999999999999,0.0,0.0,0.0,True,
Feature Binning,51508,178201,0.051508,0.178201,,,0.157248183170453,0.7221402500582433,0.15469048995235718,-0.5674497601058861,,0.50095770604327,0.5018201387085031,0.0008624326652331149,0.0019154120865398916,0.0036402774170061214,0.0017248653304662298,0.006103505542918608,0.007534387769326245,0.001430882226407637,,9534341489.0,66835090453.0,0.06082516598575549,0.2599886540554099,0.1991634880696544,0.0001123300538404961,0.11749999999999998,-2.6938257104530687,region,0.157248183170453,0.144888,"[{""feature"": ""income"", ""psi"": 0.00031956079548582016}, {""feature"": ""age"", ""psi"": 0.00010609680832071659}, {""feature"": ""region"", ""psi"": 2.3662611555447652e-05}, {""feature"": ""occupation"", ""psi"": 0.0}]",shap_age,50.571180932884324,,"region IN (Madhya Pradesh, Chhattisgarh, Maharashtra)",,,,0.2599886540554099,0.0,0.0,0.46933333333333344,Moderate Drift,2.8977623557106447,,,11,,,,,,region,categorical,0.9254865652526834,-1.7683391452003854,0.038670560707835554,0.0904320687712755,0.05176150806343995,0.07150329713693453,0.6202572062218996,0.5487539090849651,27566.0,-0.009259233973093972,0.01267872573620249,0.88,-0.007572815611090978,0.004574385555790738,0.6,-0.004629616986546986,0.006339362868101245,0.88,-0.5720945884690067,-0.562341677580477,0.0,0.5450872502800621,0.552483457176221,0.0,0.5674497601058861,0.5487539090849651,0.27686265152610007,0.3346236241716475,0.27686265152610007,0.9944558547233043,0.995916932985028,0.5757443429864361,0.9599999999999999,0.7333333333333333,0.9599999999999999,0.0,0.0,0.0,True,
Feature Binning,86701,67780,0.086701,0.06778,,,0.004658317117888785,0.1412440456280781,0.18340218353496607,0.042158137906887966,,0.5565366262739575,0.6076500834898618,0.05111345721590432,0.113073252547915,0.21530016697972365,0.10222691443180865,0.09108008148449365,0.1784700712325249,0.08738998974803125,,13995499055.0,17762038893.0,0.08928551112376243,0.06909437174052076,-0.02019113938324167,0.032850419976775826,0.025012818748890962,-0.08713742228055343,region,0.004658317117888785,0.086836,"[{""feature"": ""occupation"", ""psi"": 0.05245772409297946}, {""feature"": ""age"", ""psi"": 0.04746359846010513}, {""feature"": ""income"", ""psi"": 0.03147506326641195}, {""feature"": ""region"", ""psi"": 5.294087606768045e-06}]",shap_region,10.307951906182844,,"region IN (Assam, Jharkhand)",,,,0.06909437174052076,0.0,0.0,1.0,Stable,1.7367285751064538,,,12,,,,,,region,categorical,-2.3543534078223742,-2.4414908301029277,1.6233268628250452,2.3769104429206784,0.7535835800956332,0.18620534695192473,0.19817609012925064,0.01197074317732591,12431.0,0.09026532620014834,0.11544198131400013,0.0,0.07633974232395838,0.09671620819253775,0.0,0.04513266310007417,0.057720990657000065,0.0,0.038532756806443746,0.045164905472673315,0.0,0.008966665257646486,0.016423760850335145,0.0,0.042158137906887966,0.01197074317732591,0.009180923773327349,0.0,0.009180923773327349,0.07291397879438427,0.008725729193039997,0.020000311106815792,0.0,0.0,0.0,0.0,0.0,0.0,True,
Feature Binning,346499,271420,0.346499,0.27142,,,0.018335229984907817,0.14390229120430362,0.1841500257902881,0.04024773458598449,,0.5581593329210772,0.6109962952480865,0.052836962327009296,0.11631866584215445,0.22199259049617304,0.10567392465401859,0.09500013191003526,0.18114146053064656,0.0861413286206113,,55921081044.0,71024982432.0,0.3567534307983905,0.27628734339471445,-0.08046608740367606,0.03014475258981462,0.025009818856002508,-0.1258743474008508,region,0.018335229984907817,0.082213,"[{""feature"": ""occupation"", ""psi"": 0.048445748461876714}, {""feature"": ""age"", ""psi"": 0.041884021845688776}, {""feature"": ""income"", ""psi"": 0.03024417252877442}, {""feature"": ""region"", ""psi"": 5.0675229185749385e-06}]",shap_region,10.923030682329477,,"region IN (Odisha, West Bengal, Bihar)",,,,0.27628734339471445,0.0,0.0,1.0,Stable,1.6442598448934218,,,13,,,,,,region,categorical,-2.343103747050601,-2.468978094451452,1.648039951302989,2.4574424554068397,0.8094025041038506,0.18520063277340623,0.1965209516921522,0.011320318918745964,49982.0,0.09645733532297115,0.11227043232956001,0.0,0.07811882069084695,0.09037550895821962,0.0,0.04822866766148558,0.056135216164780004,0.0,0.03902566913354006,0.04151166499139964,0.0,0.010703120387861005,0.013858424780961245,0.0,0.04024773458598449,0.011320318918745964,0.0,0.00486081724050485,0.0,0.06956247538993955,0.0075295420776759344,0.01639056694162407,0.0,0.0,0.0,0.0,0.0,0.0,True,
Feature Binning,49746,74860,0.049746,0.07486,,,0.010263831722282667,0.5374904514935874,0.3366684477691691,-0.20082200372441833,,0.5029097841299559,0.4968626475035719,-0.006047136626384009,0.0058195682599118115,-0.006274704992856206,-0.012094273252768017,0.010271453581766066,0.007714745956132196,-0.0025567076256338694,,6966778389.0,14998365077.0,0.044445172473190325,0.058343674302992775,0.01389850182980245,0.00020243941403295953,0.065,-0.680241985234249,region,0.010263831722282667,0.081187,"[{""feature"": ""age"", ""psi"": 0.00040773315813717016}, {""feature"": ""income"", ""psi"": 0.00039943571370832406}, {""feature"": ""region"", ""psi"": 2.5887842863438078e-06}, {""feature"": ""occupation"", ""psi"": 0.0}]",shap_region,49.66908142895478,,"region IN (Telangana, Andhra Pradesh, Kerala)",,,,0.058343674302992775,2.641151903088717e-05,8.862318551697921e-06,0.6568,Stable,1.623741477504213,,,14,,,,,,region,categorical,0.10294841668629856,-0.5772935685479503,0.07026934043467144,-0.1496514335525466,-0.21992077398721804,0.13778210136226549,0.33824000549460886,0.20045790413234338,25203.0,-0.021909321669268587,0.0036563740125610915,0.24,-0.009251762792979547,0.00409464217982502,0.48,-0.010954660834634294,0.0018281870062805457,0.24,-0.20684392826968967,-0.19730583160478207,0.0,0.19702985279313023,0.20656290112129125,0.0,0.20082200372441833,0.20045790413234338,0.3136691736327796,0.35014660720941987,0.3136691736327796,0.35126488021468155,0.35537010841437766,0.33682398862080765,0.5279999999999999,0.6599999999999999,0.5279999999999999,0.0,0.0,0.0,True,
Feature Binning,49454,74940,0.049454,0.07494,,,0.010593124616021318,0.5341125085938447,0.33633573525487054,-0.1977767733389742,,0.4978729007476044,0.4982059994343757,0.00033309868677133814,-0.004254198504791251,-0.003588001131248575,0.0006661973735426763,0.00693993886343941,0.005862852527241835,-0.0010770863361975747,,6922980268.0,14987310229.0,0.04416575852700823,0.058300670919099275,0.014134912392091047,0.00015958288289936274,0.065,-0.8299209750060207,region,0.010593124616021318,0.080286,"[{""feature"": ""income"", ""psi"": 0.00031840804567354405}, {""feature"": ""age"", ""psi"": 0.00030397431796689005}, {""feature"": ""region"", ""psi"": 1.5949167957016902e-05}, {""feature"": ""occupation"", ""psi"": 0.0}]",shap_age,49.66426240604966,,"region IN (Tamil Nadu, Karnataka)",,,,0.058300670919099275,0.0,0.0,0.4312,Stable,1.605713392185879,,,15,,,,,,region,categorical,0.2075343366583112,-0.6223866383477095,-0.10465979567415759,-0.08496776049555438,0.019692035178603212,0.14137176548797908,0.3386884939659467,0.1973167284779676,25205.0,-0.013778398959092863,0.01057951897407991,0.88,-0.007716230751534065,0.0033262960813488915,0.84,-0.006889199479546432,0.005289759487039955,0.88,-0.2022814676836844,-0.19034813357756747,0.0,0.19039141941489957,0.20197469071828877,0.0,0.1977767733389742,0.1973167284779676,0.2796823559038689,0.34438670284852185,0.2796823559038689,0.3459225004708546,0.34959321157313267,0.31985342534004935,0.9599999999999999,0.924,0.9599999999999999,0.0,0.0,0.0,True,
Feature Binning,33244,20117,0.033244,0.020117,,,0.006593811174286422,0.11409577668150643,0.1332703683451807,0.01917459166367426,,0.4961229197182148,0.5094384288030638,0.013315509084848964,-0.007754160563570367,0.01887685760612756,0.02663101816969793,0.015795929021615862,0.02862207256779392,0.01282614354617806,,5009526741.0,3116487856.0,0.03195871428382879,0.012123144856536969,-0.019835569427291824,0.0008192719042792632,0.0010729930992611535,0.030808905165038647,income,0.006593811174286422,0.00265,"[{""feature"": ""region"", ""psi"": 0.0013103812304039062}, {""feature"": ""income"", ""psi"": 0.0009358189853876408}, {""feature"": ""age"", ""psi"": 0.0008618087230117263}, {""feature"": ""occupation"", ""psi"": 0.00016907867831377935}]",shap_age,0.07226560004914845,,85877.5 < income <= 90158.5,,,,0.012123144856536969,0.0,0.0,0.7946666666666667,Stable,0.053003208319809675,,,16,,,,,,income,numeric,-2.0201194974775007,-1.989310592312462,-0.09838140480013918,0.37967645657529175,0.47805786137543094,0.18759359463380382,0.1726977618172454,-0.01489583281655843,2681.0,-0.0005248075593130561,0.055822460659224596,0.08,-0.006759297397349116,0.028689069694266267,0.28,-0.00026240377965652806,0.027911230329612298,0.08,0.01129604375317639,0.02358371179155425,0.0,-0.017786930386784427,-0.0070752928469978845,0.0,0.01917459166367426,0.01489583281655843,0.21052647148505932,0.29026388439369144,0.21052647148505932,0.03259294677067833,0.014105224947663341,0.15160299981643036,0.22,0.5866666666666667,0.22,0.0,0.0,0.0,True,
Feature Binning,19132,11749,0.019132,0.011749,,,0.003599907943402395,0.11310892745139034,0.13303259851902288,0.019923671067632542,,0.5111249968408512,0.503717797149601,-0.007407199691250255,0.02224999368170244,0.007435594299201931,-0.01481439938250051,0.0322073037776448,0.01936282019441586,-0.012844483583228941,,2879470095.0,1771511400.0,0.01836983148563142,0.006891183379989594,-0.011478648105641826,0.0011364630146671205,0.0,0.24920927240241464,age,0.003599907943402395,0.001883,"[{""feature"": ""region"", ""psi"": 0.0023316706561187987}, {""feature"": ""income"", ""psi"": 0.0011900478407895834}, {""feature"": ""occupation"", ""psi"": 0.0010241335617600998}, {""feature"": ""age"", ""psi"": 0.0}]",shap_age,4.8045351342773516e-11,,44.5 < age <= 45.5,,,,0.006891183379989594,5.997203196327372e-07,0.0,0.5306666666666666,Stable,0.037658943974713054,,,17,,,,,,age,numeric,-2.1602542277190957,-1.911044955316681,0.3334272922985679,0.1188534457889921,-0.21457384650957578,0.18752468125371105,0.16907387696861387,-0.018450804285097183,1563.0,-0.05243717874559661,0.03656356065021664,0.52,-0.0352942004917698,0.008684615995095802,0.32,-0.026218589372798307,0.01828178032510832,0.52,0.014274153331620146,0.026359736342256922,0.0,-0.025832341060223658,-0.012640769750649193,0.0,0.019923671067632542,0.018450804285097183,0.3209140812602652,0.3901951020676338,0.3209140812602652,0.033907089258338116,0.02064312849301556,0.21731469646790363,0.88,0.5866666666666667,0.88,0.0,0.0,0.0,True,
Feature Binning,65041,39566,0.065041,0.039566,,,0.01266228956314813,0.11840223858796758,0.12735682151342062,0.008954582925453036,,0.4988011105873802,0.5018063725411165,0.0030052619537362935,-0.002397778825239616,0.003612745082232971,0.006010523907472587,0.0073894502351512514,0.0134009322241192,0.006011481988967948,,9727079574.0,5931340464.0,0.06205475546767484,0.023072927911486525,-0.038981827556188314,0.0003681556215169278,1.9949319973733282e-17,0.056468558821302084,income,0.01266228956314813,0.000558,"[{""feature"": ""region"", ""psi"": 0.0006252345652167996}, {""feature"": ""age"", ""psi"": 0.0004810845105153368}, {""feature"": ""income"", ""psi"": 0.00034220816057313686}, {""feature"": ""occupation"", ""psi"": 2.4095249762437937e-05}]",shap_age,1.4761284101296933e-11,,75736.5 < income <= 84197.5,,,,0.023072927911486525,0.0,0.0,0.5306666666666666,Stable,0.011158380474559727,,,18,,,,,,income,numeric,-1.997876997239954,-1.9414084384186518,-0.032075695145751815,0.05585816539154245,0.08793386053729427,0.18286672854247646,0.1756405824838255,-0.007226146058650962,5039.0,-0.009434623653022745,0.025615753713820175,0.6,-0.0034134844223166496,0.01804709986637468,0.32,-0.0047173118265113724,0.012807876856910087,0.6,0.004620674545366625,0.01185530108774187,0.0,-0.010346165301484961,-0.004281077712341356,0.0,0.008954582925453036,0.007226146058650962,0.2654480335883626,0.3167921582848927,0.2654480335883626,0.014663542175943673,0.0,0.17247035352751233,0.88,0.5866666666666667,0.88,0.0,0.0,0.0,True,
Feature Binning,83357,50041,0.083357,0.050041,,,0.01700081895679426,0.11441150713197452,0.13159209448252432,0.017180587350549795,,0.5023922854383931,0.5011344686231819,-0.001257816815211199,0.004784570876786187,0.002268937246363789,-0.002515633630422398,0.008971071814385612,0.008059770945928524,-0.0009113008684570878,,12537149616.0,7509891423.0,0.07998184324121924,0.029213494736587076,-0.05076834850463216,0.0003041026098869929,2.6020852139652106e-18,0.17086584227843882,income,0.01700081895679426,0.000489,"[{""feature"": ""region"", ""psi"": 0.0006005104099347941}, {""feature"": ""age"", ""psi"": 0.00032417269741195}, {""feature"": ""income"", ""psi"": 0.0002879829941235245}, {""feature"": ""occupation"", ""psi"": 3.744338077702906e-06}]",shap_age,1.2227088094433923e-11,,65001.5 < income <= 75736.5,,,,0.029213494736587076,1.8387677997594955e-06,0.0,0.46319999999999995,Stable,0.009780266015544806,,,19,,,,,,income,numeric,-2.0691034708809806,-1.8982376286025417,0.07780638538289553,0.036938775272796986,-0.04086761011009854,0.1855244510356089,0.17013863827196724,-0.015385812763641676,6585.0,-0.02009223543941724,0.013056907068958621,0.64,-0.009510950946446549,0.01064612701374404,0.84,-0.01004611771970862,0.006528453534479311,0.64,0.014543039905161577,0.021378271987154196,0.0,-0.01957817014973983,-0.012652585799335815,0.0,0.017180587350549795,0.015385812763641676,0.28815698928870537,0.34374132930231144,0.28815698928870537,0.02909477851961312,0.015006340937351946,0.19283128546733747,0.88,0.924,0.88,0.0,0.0,0.0,True,
Feature Binning,135749,82969,0.135749,0.082969,,,0.025985734136632913,0.11173562972839579,0.1302173100796683,0.01848168035127251,,0.5009960777936375,0.501224020665341,0.00022794287170346816,0.0019921555872750574,0.0024480413306819937,0.00045588574340693633,0.006519333284624021,0.004789953234869748,-0.0017293800497542727,,20359599575.0,12456519590.0,0.1298858473845977,0.048455889570410214,-0.08142995781418749,0.0001849136236859989,8.673617379884035e-19,0.17242844049244055,region,0.025985734136632913,0.000245,"[{""feature"": ""occupation"", ""psi"": 0.0003063436225606937}, {""feature"": ""income"", ""psi"": 0.00028345289678499935}, {""feature"": ""age"", ""psi"": 0.00013126497239744574}, {""feature"": ""region"", ""psi"": 1.8593003000856856e-05}]",shap_age,6.921556219721844e-12,,"region IN (Haryana, Punjab, Uttarakhand)",,,,0.048455889570410214,0.0,0.0,0.4240000000000001,Stable,0.0049009189984824,,,20,,,,,,region,categorical,-2.0833057665835417,-1.9108773260911012,0.03509237424675757,0.03893121905168715,0.0038388448049295823,0.18829609718464776,0.17109751804607626,-0.017198579138571507,10804.0,-0.014806779804420805,0.014914091393582829,0.96,-0.005776935621330759,0.007857572128215348,0.92,-0.0074033899022104025,0.007457045696791414,0.96,0.0159943604564986,0.02099864032166877,0.0,-0.019816803388027944,-0.015333554854474503,0.0,0.01848168035127251,0.017198579138571507,0.28024250946317064,0.34692596707249973,0.28024250946317064,0.031377342402175434,0.018340176894809174,0.19142570105916515,0.9599999999999999,0.9599999999999999,0.9599999999999999,0.0,0.0,0.0,True,
Gradient Boosting,140834,123479,0.140834,0.123479,34584.0,29311.0,0.002282369772981103,0.2455657014641351,0.23737639598636207,-0.008189305477773023,,0.7354665825747371,0.6409215816817182,-0.09454500089301887,0.47093316514947414,0.2818431633634364,-0.18909000178603774,0.4696786164292226,0.2826178392362958,-0.1870607771929268,,20703733889.0,21741860460.0,0.13208128235979696,0.0845758866987844,-0.04750539566101257,0.08432967335820382,0.06920270795364909,-0.11413884698423699,region,0.20006724487805616,0.638344,"[{""feature"": ""region"", ""psi"": 0.20006724487805616}, {""feature"": ""age"", ""psi"": 0.07896404826349862}, {""feature"": ""occupation"", ""psi"": 0.058184783997698185}, {""feature"": ""income"", ""psi"": 0.00010261629356232909}]",shap_occupation,20.47003219172004,8.0,"region != Uttar Pradesh AND income >= 49,999.5 AND income < 65,005.5",9.280656183552338e-07,0.0,True,0.0124,0.000987,0.0,1.0,Population Share: Stable,12.7669,0.023349,"Gini drop 0.1891 (Dev 0.4709 -> Mon 0.2818) | KS drop 0.1871 (Dev 0.4697 -> Mon 0.2826) | Population share stable (low PSI) but the score no longer separates risk inside this segment -- concept drift, not exposure drift",1,9.280656183552338e-07,0.0,,,,,,,,,,,,,,,,,,,,,,,,,,,,,,,,,,,,,,,,,,,,,0.0
Gradient Boosting,53149,184915,0.053149,0.184915,38341.0,28782.0,0.16428544956213254,0.7213870439707238,0.1556498931941703,-0.5657371507765535,,0.5018315852719809,0.498379988742255,-0.003451596529725931,0.0036631705439618134,-0.0032400225154900486,-0.006903193059451862,0.0076482025841325685,0.007765487703870477,0.00011728511973790878,,9830086442.0,69386996197.0,0.06271189679736199,0.2699155732106311,0.2072036764132691,8.703547097934153e-05,0.1175,-0.7297041260865347,income,0.0002173867393014084,0.511137,"[{""feature"": ""income"", ""psi"": 0.0002173867393014084}, {""feature"": ""age"", ""psi"": 0.00010598814987576703}, {""feature"": ""region"", ""psi"": 2.4766994740190687e-05}, {""feature"": ""occupation"", ""psi"": 0.0}]",shap_income,50.63952722084607,3.0,"income < 41,854.5 AND age < 29.5",0.0,0.5097296030268657,True,0.0585,0.000172,0.000123,1.0,Population Share: Moderate Drift,10.2227,0.001277,"Population shift (Dev 5.3% -> Mon 18.5%, PSI 0.1643) | Significant bad-rate shift (Dev 72.14% -> Mon 15.56%, p_adj=0.0000)",2,0.0,0.31150142407197345,,,,,,,,,,,,,,,,,,,,,,,,,,,,,,,,,,,,,,,,,,,,,0.0
Gradient Boosting,26247,89077,0.026247,0.089077,18872.0,13807.0,0.07677508503904486,0.7190155065340801,0.15500072970576018,-0.5640147768283199,,0.49679707718725974,0.5002330645431258,0.0034359873558660325,-0.006405845625480522,0.00046612908625154326,0.006871974711732065,0.015658883037196147,0.008784072758267758,-0.006874810278928389,,4861897852.0,33374671415.0,0.031016902865800857,0.12982754780334002,0.09881064493753916,0.00019718508767757462,0.1175,-0.7278280841202184,income,0.0003823625952974474,0.150331,"[{""feature"": ""income"", ""psi"": 0.0003823625952974474}, {""feature"": ""age"", ""psi"": 0.00020549746525423457}, {""feature"": ""region"", ""psi"": 0.00020088029015861666}, {""feature"": ""occupation"", ""psi"": 0.0}]",shap_region,49.203584528945015,4.0,"income >= 41,854.5 AND income < 49,999.5 AND age < 29.5",0.0,0.9840775179171983,True,0.0125,0.0,0.0,1.0,Population Share: Stable,3.0066,0.000612,"Significant bad-rate shift (Dev 71.90% -> Mon 15.50%, p_adj=0.0000)",3,0.0,0.983175708165973,,,,,,,,,,,,,,,,,,,,,,,,,,,,,,,,,,,,,,,,,,,,,0.0
Gradient Boosting,244316,227116,0.244316,0.227116,36927.0,47680.0,0.001255626990079049,0.15114441952225807,0.20993677239824582,0.05879235287598775,,0.5947046586725577,0.6154951917013354,0.020790533028777647,0.18940931734511546,0.23099038340267075,0.041581066057555294,0.15229192064665031,0.18930342010484447,0.03701149945819415,,41592903011.0,71977760444.0,0.2653455650180252,0.2799936520310088,0.01464808701298359,0.03660631348244153,0.03854894782993884,0.06920175863928196,region,0.08999669171426761,0.135951,"[{""feature"": ""region"", ""psi"": 0.08999669171426761}, {""feature"": ""income"", ""psi"": 0.05636454658057066}, {""feature"": ""age"", ""psi"": 6.401563492786949e-05}, {""feature"": ""occupation"", ""psi"": 0.0}]",shap_occupation,17.218475505223754,12.0,"occupation = Business AND income >= 50,000.5 AND age >= 49.5",0.0,0.0,True,0.0637,0.0,0.0,1.0,Population Share: Stable,2.719,0.009444,"Significant bad-rate shift (Dev 15.11% -> Mon 20.99%, p_adj=0.0000)",4,0.0,0.0,,,,,,,,,,,,,,,,,,,,,,,,,,,,,,,,,,,,,,,,,,,,,1.0
Gradient Boosting,56578,85561,0.056578,0.085561,30433.0,28841.0,0.011987639929627812,0.5378945880024038,0.3370811467841657,-0.20081344121823808,,0.5007900874480392,0.496264881883156,-0.004525205564883228,0.0015801748960784234,-0.007470236233688032,-0.009050411129766456,0.004672867309059248,0.006825479946493296,0.002152612637434048,,7919811400.0,17128022903.0,0.05052512997742477,0.06662804809567396,0.016102918118249196,0.0006749650754396852,0.06500968252039444,-0.2967528074871743,region,0.0017186599792703094,0.114968,"[{""feature"": ""region"", ""psi"": 0.0017186599792703094}, {""feature"": ""age"", ""psi"": 0.0005549899870266092}, {""feature"": ""income"", ""psi"": 0.0003397646951040568}, {""feature"": ""occupation"", ""psi"": 8.644564035776566e-05}]",shap_region,49.926248749837065,5.0,"income < 50,000.5 AND age >= 29.5",0.0,0.14103096340489477,True,0.0058,2.6e-05,9e-06,1.0,Population Share: Stable,2.2994,0.000774,"Significant bad-rate shift (Dev 53.79% -> Mon 33.71%, p_adj=0.0000)",5,0.0,0.06268042817995323,,,,,,,,,,,,,,,,,,,,,,,,,,,,,,,,,,,,,,,,,,,,,1.0
Gradient Boosting,190555,115500,0.190555,0.1155,22591.0,14867.0,0.0375778121319636,0.11855369840728398,0.12871861471861473,0.010164916311330749,,0.49993704556826035,0.49587845468753855,-0.004058590880721802,-0.00012590886347929597,-0.0082430906249229,-0.008117181761443604,0.005863271102922785,0.008277115511064914,0.0024138444081421295,,28572086411.0,17309721481.0,0.18227812592127976,0.06733485597784811,-0.11494326994343165,0.00024345569429445483,1.214306433183765e-17,0.03402975477448944,region,0.000633416768277878,0.01163,"[{""feature"": ""region"", ""psi"": 0.000633416768277878}, {""feature"": ""income"", ""psi"": 0.00019603020545714834}, {""feature"": ""age"", ""psi"": 0.0001443758034427929}, {""feature"": ""occupation"", ""psi"": 0.0}]",shap_age,5.122127828195283e-12,11.0,"occupation != Business AND income >= 50,000.5 AND age >= 49.5",0.0,0.9840775179171983,True,0.0081,3.2e-05,0.0,1.0,Population Share: Stable,0.2326,0.000938,Segment performance stable,6,0.0,0.8192530032995663,,,,,,,,,,,,,,,,,,,,,,,,,,,,,,,,,,,,,,,,,,,,,1.0
Gradient Boosting,77594,47278,0.077594,0.047278,8431.0,5999.0,0.015019911638421802,0.10865530840013403,0.12688777021024578,0.018232461810111747,,0.5035081512716022,0.5002642683880213,-0.0032438828835809064,0.0070163025432044,0.0005285367760425874,-0.006487765767161813,0.01347802842683804,0.01556338752179684,0.0020853590949587997,,11651719624.0,7087286169.0,0.0743331651133903,0.027569559336193334,-0.04676360577719697,0.00012399091925431555,9.540979117872439e-18,0.05956492700795807,income,0.00021753132064313815,0.001656,"[{""feature"": ""income"", ""psi"": 0.00021753132064313815}, {""feature"": ""age"", ""psi"": 0.00019278218242531334}, {""feature"": ""occupation"", ""psi"": 8.565017394881073e-05}, {""feature"": ""region"", ""psi"": 0.0}]",shap_age,1.2282913561151214e-11,9.0,"region = Delhi AND income >= 49,999.5",0.0,0.18944926414184082,True,0.0013,4e-06,0.0,1.0,Population Share: Stable,0.0331,0.000307,Segment performance stable,7,0.0,0.09472463207092041,,,,,,,,,,,,,,,,,,,,,,,,,,,,,,,,,,,,,,,,,,,,,2.0
Gradient Boosting,116394,71320,0.116394,0.07132,12716.0,9233.0,0.022077434266592873,0.10924961767788717,0.12945877734155917,0.020209159663671997,,0.49875131663396977,0.5022748035906355,0.003523486956665711,-0.0024973667320604687,0.004549607181270954,0.007046973913331422,0.005199125336527,0.009617721781629673,0.004418596445102674,,17471293327.0,10687533154.0,0.11145964488755238,0.04157452830613033,-0.06988511658142205,0.00013919384070280421,1.3877787807814457e-17,0.06683155137267122,income,0.0002571870013799646,0.000193,"[{""feature"": ""income"", ""psi"": 0.0002571870013799646}, {""feature"": ""age"", ""psi"": 0.00022557301053358975}, {""feature"": ""occupation"", ""psi"": 7.401535089766249e-05}, {""feature"": ""region"", ""psi"": 0.0}]",shap_age,7.978622678927166e-12,10.0,"region = Uttar Pradesh AND income >= 49,999.5",0.0,0.5203680545833556,True,0.003,0.0,0.0,1.0,Population Share: Stable,0.0039,0.000503,Segment performance stable,8,0.0,0.37582137275464567,,,,,,,,,,,,,,,,,,,,,,,,,,,,,,,,,,,,,,,,,,,,,0.0
Gradient Boosting,328652,198708,0.328652,0.198708,38364.0,25961.0,0.06538301673705621,0.11673137543663206,0.13064899249149506,0.013917617054862996,,0.49849747735128136,0.5046107370112345,0.00611325965995313,-0.003005045297437281,0.009221474022468978,0.01222651931990626,0.004677289899087278,0.008886828435430372,0.004209538536343094,,49314414509.0,29804429803.0,0.3146056234152024,0.11593929980269962,-0.19866632361250275,5.777330239937393e-05,5.204170427930421e-18,0.045700619180156,region,0.00012108126016322115,0.0,"[{""feature"": ""region"", ""psi"": 0.00012108126016322115}, {""feature"": ""income"", ""psi"": 6.27403991973926e-05}, {""feature"": ""age"", ""psi"": 2.7432228823887387e-05}, {""feature"": ""occupation"", ""psi"": 1.9839321412994565e-05}]",shap_age,3.0035480067816884e-12,9.0,"income >= 65,006.5 AND age < 49.5",0.0,0.131651897161552,True,0.0245,0.0,0.0,1.0,Population Share: Stable,0.0,0.00243,Segment performance stable,9,0.0,0.029255977147011558,,,,,,,,,,,,,,,,,,,,,,,,,,,,,,,,,,,,,,,,,,,,,1.0
