Dev_Count,Mon_Count,Dev_Pct,Mon_Pct,x_dev,x_mon,PSI,Dev_BR,Mon_BR,Delta_BR,BR_PValue,Dev_AUC,Mon_AUC,Delta_AUC,Dev_Gini,Mon_Gini,Delta_Gini,Dev_KS,Mon_KS,Delta_KS,Score_Shift_PValue,Dev_EAD,Mon_EAD,Dev_Exposure_Pct,Mon_Exposure_Pct,Exposure_Drift,mean_feature_psi,mean_shap_shift,Calibration_Drift,Root_Cause_Feature,Root_Cause_PSI,Root_Cause_Score,feature_drift_details,Top_SHAP_Feature,Top_SHAP_PSI,Tree_Idx,Leaf_ID,Segment_Definition,BadRate_pvalue_adj,ScoreShift_pvalue_adj,Statistically_Significant,Business_Impact_Score,SIS_Raw,DIS_Raw,Confidence_Score,PSI_Interpretation,Severity_Score,Portfolio_Impact_Score,Drift_Explanation,Rank,Technique
140834,123479,0.140834,0.123479,34584,29311,0.002282369772981103,0.2455657014641351,0.23737639598636207,-0.008189305477773023,9.280656183552338e-07,0.7354665825747371,0.6409215816817182,-0.09454500089301887,0.47093316514947414,0.2818431633634364,-0.18909000178603774,0.4696786164292226,0.2826178392362958,-0.1870607771929268,0.0,20703733889.0,21741860460.0,0.13208128235979696,0.0845758866987844,-0.04750539566101257,0.08432967335820382,0.06920270795364909,-0.11413884698423699,region,0.20006724487805616,0.638344,"[{""feature"": ""region"", ""psi"": 0.20006724487805616}, {""feature"": ""age"", ""psi"": 0.07896404826349862}, {""feature"": ""occupation"", ""psi"": 0.058184783997698185}, {""feature"": ""income"", ""psi"": 0.00010261629356232909}]",shap_occupation,20.47003219172004,0,8,"region != Uttar Pradesh AND income >= 49,999.5 AND income < 65,005.5",9.280656183552338e-07,0.0,True,0.0124,0.000987,0.0,1.0,Population Share: Stable,12.7669,0.023349,"Gini drop 0.1891 (Dev 0.4709 -> Mon 0.2818) | KS drop 0.1871 (Dev 0.4697 -> Mon 0.2826) | Population share stable (low PSI) but the score no longer separates risk inside this segment -- concept drift, not exposure drift",1,Gradient Boosting
53149,184915,0.053149,0.184915,38341,28782,0.16428544956213254,0.7213870439707238,0.1556498931941703,-0.5657371507765535,0.0,0.5018315852719809,0.498379988742255,-0.003451596529725931,0.0036631705439618134,-0.0032400225154900486,-0.006903193059451862,0.0076482025841325685,0.007765487703870477,0.00011728511973790878,0.31150142407197345,9830086442.0,69386996197.0,0.06271189679736199,0.2699155732106311,0.2072036764132691,8.703547097934153e-05,0.1175,-0.7297041260865347,income,0.0002173867393014084,0.511137,"[{""feature"": ""income"", ""psi"": 0.0002173867393014084}, {""feature"": ""age"", ""psi"": 0.00010598814987576703}, {""feature"": ""region"", ""psi"": 2.4766994740190687e-05}, {""feature"": ""occupation"", ""psi"": 0.0}]",shap_income,50.63952722084607,0,3,"income < 41,854.5 AND age < 29.5",0.0,0.5097296030268657,True,0.0585,0.000172,0.000123,1.0,Population Share: Moderate Drift,10.2227,0.001277,"Population shift (Dev 5.3% -> Mon 18.5%, PSI 0.1643) | Significant bad-rate shift (Dev 72.14% -> Mon 15.56%, p_adj=0.0000)",2,Gradient Boosting
26247,89077,0.026247,0.089077,18872,13807,0.07677508503904486,0.7190155065340801,0.15500072970576018,-0.5640147768283199,0.0,0.49679707718725974,0.5002330645431258,0.0034359873558660325,-0.006405845625480522,0.00046612908625154326,0.006871974711732065,0.015658883037196147,0.008784072758267758,-0.006874810278928389,0.983175708165973,4861897852.0,33374671415.0,0.031016902865800857,0.12982754780334002,0.09881064493753916,0.00019718508767757462,0.1175,-0.7278280841202184,income,0.0003823625952974474,0.150331,"[{""feature"": ""income"", ""psi"": 0.0003823625952974474}, {""feature"": ""age"", ""psi"": 0.00020549746525423457}, {""feature"": ""region"", ""psi"": 0.00020088029015861666}, {""feature"": ""occupation"", ""psi"": 0.0}]",shap_region,49.203584528945015,0,4,"income >= 41,854.5 AND income < 49,999.5 AND age < 29.5",0.0,0.9840775179171983,True,0.0125,0.0,0.0,1.0,Population Share: Stable,3.0066,0.000612,"Significant bad-rate shift (Dev 71.90% -> Mon 15.50%, p_adj=0.0000)",3,Gradient Boosting
244316,227116,0.244316,0.227116,36927,47680,0.001255626990079049,0.15114441952225807,0.20993677239824582,0.05879235287598775,0.0,0.5947046586725577,0.6154951917013354,0.020790533028777647,0.18940931734511546,0.23099038340267075,0.041581066057555294,0.15229192064665031,0.18930342010484447,0.03701149945819415,0.0,41592903011.0,71977760444.0,0.2653455650180252,0.2799936520310088,0.01464808701298359,0.03660631348244153,0.03854894782993884,0.06920175863928196,region,0.08999669171426761,0.135951,"[{""feature"": ""region"", ""psi"": 0.08999669171426761}, {""feature"": ""income"", ""psi"": 0.05636454658057066}, {""feature"": ""age"", ""psi"": 6.401563492786949e-05}, {""feature"": ""occupation"", ""psi"": 0.0}]",shap_occupation,17.218475505223754,1,12,"occupation = Business AND income >= 50,000.5 AND age >= 49.5",0.0,0.0,True,0.0637,0.0,0.0,1.0,Population Share: Stable,2.719,0.009444,"Significant bad-rate shift (Dev 15.11% -> Mon 20.99%, p_adj=0.0000)",4,Gradient Boosting
56578,85561,0.056578,0.085561,30433,28841,0.011987639929627812,0.5378945880024038,0.3370811467841657,-0.20081344121823808,0.0,0.5007900874480392,0.496264881883156,-0.004525205564883228,0.0015801748960784234,-0.007470236233688032,-0.009050411129766456,0.004672867309059248,0.006825479946493296,0.002152612637434048,0.06268042817995323,7919811400.0,17128022903.0,0.05052512997742477,0.06662804809567396,0.016102918118249196,0.0006749650754396852,0.06500968252039444,-0.2967528074871743,region,0.0017186599792703094,0.114968,"[{""feature"": ""region"", ""psi"": 0.0017186599792703094}, {""feature"": ""age"", ""psi"": 0.0005549899870266092}, {""feature"": ""income"", ""psi"": 0.0003397646951040568}, {""feature"": ""occupation"", ""psi"": 8.644564035776566e-05}]",shap_region,49.926248749837065,1,5,"income < 50,000.5 AND age >= 29.5",0.0,0.14103096340489477,True,0.0058,2.6e-05,9e-06,1.0,Population Share: Stable,2.2994,0.000774,"Significant bad-rate shift (Dev 53.79% -> Mon 33.71%, p_adj=0.0000)",5,Gradient Boosting
190555,115500,0.190555,0.1155,22591,14867,0.0375778121319636,0.11855369840728398,0.12871861471861473,0.010164916311330749,0.0,0.49993704556826035,0.49587845468753855,-0.004058590880721802,-0.00012590886347929597,-0.0082430906249229,-0.008117181761443604,0.005863271102922785,0.008277115511064914,0.0024138444081421295,0.8192530032995663,28572086411.0,17309721481.0,0.18227812592127976,0.06733485597784811,-0.11494326994343165,0.00024345569429445483,1.214306433183765e-17,0.03402975477448944,region,0.000633416768277878,0.01163,"[{""feature"": ""region"", ""psi"": 0.000633416768277878}, {""feature"": ""income"", ""psi"": 0.00019603020545714834}, {""feature"": ""age"", ""psi"": 0.0001443758034427929}, {""feature"": ""occupation"", ""psi"": 0.0}]",shap_age,5.122127828195283e-12,1,11,"occupation != Business AND income >= 50,000.5 AND age >= 49.5",0.0,0.9840775179171983,True,0.0081,3.2e-05,0.0,1.0,Population Share: Stable,0.2326,0.000938,Segment performance stable,6,Gradient Boosting
77594,47278,0.077594,0.047278,8431,5999,0.015019911638421802,0.10865530840013403,0.12688777021024578,0.018232461810111747,0.0,0.5035081512716022,0.5002642683880213,-0.0032438828835809064,0.0070163025432044,0.0005285367760425874,-0.006487765767161813,0.01347802842683804,0.01556338752179684,0.0020853590949587997,0.09472463207092041,11651719624.0,7087286169.0,0.0743331651133903,0.027569559336193334,-0.04676360577719697,0.00012399091925431555,9.540979117872439e-18,0.05956492700795807,income,0.00021753132064313815,0.001656,"[{""feature"": ""income"", ""psi"": 0.00021753132064313815}, {""feature"": ""age"", ""psi"": 0.00019278218242531334}, {""feature"": ""occupation"", ""psi"": 8.565017394881073e-05}, {""feature"": ""region"", ""psi"": 0.0}]",shap_age,1.2282913561151214e-11,2,9,"region = Delhi AND income >= 49,999.5",0.0,0.18944926414184082,True,0.0013,4e-06,0.0,1.0,Population Share: Stable,0.0331,0.000307,Segment performance stable,7,Gradient Boosting
116394,71320,0.116394,0.07132,12716,9233,0.022077434266592873,0.10924961767788717,0.12945877734155917,0.020209159663671997,0.0,0.49875131663396977,0.5022748035906355,0.003523486956665711,-0.0024973667320604687,0.004549607181270954,0.007046973913331422,0.005199125336527,0.009617721781629673,0.004418596445102674,0.37582137275464567,17471293327.0,10687533154.0,0.11145964488755238,0.04157452830613033,-0.06988511658142205,0.00013919384070280421,1.3877787807814457e-17,0.06683155137267122,income,0.0002571870013799646,0.000193,"[{""feature"": ""income"", ""psi"": 0.0002571870013799646}, {""feature"": ""age"", ""psi"": 0.00022557301053358975}, {""feature"": ""occupation"", ""psi"": 7.401535089766249e-05}, {""feature"": ""region"", ""psi"": 0.0}]",shap_age,7.978622678927166e-12,0,10,"region = Uttar Pradesh AND income >= 49,999.5",0.0,0.5203680545833556,True,0.003,0.0,0.0,1.0,Population Share: Stable,0.0039,0.000503,Segment performance stable,8,Gradient Boosting
328652,198708,0.328652,0.198708,38364,25961,0.06538301673705621,0.11673137543663206,0.13064899249149506,0.013917617054862996,0.0,0.49849747735128136,0.5046107370112345,0.00611325965995313,-0.003005045297437281,0.009221474022468978,0.01222651931990626,0.004677289899087278,0.008886828435430372,0.004209538536343094,0.029255977147011558,49314414509.0,29804429803.0,0.3146056234152024,0.11593929980269962,-0.19866632361250275,5.777330239937393e-05,5.204170427930421e-18,0.045700619180156,region,0.00012108126016322115,0.0,"[{""feature"": ""region"", ""psi"": 0.00012108126016322115}, {""feature"": ""income"", ""psi"": 6.27403991973926e-05}, {""feature"": ""age"", ""psi"": 2.7432228823887387e-05}, {""feature"": ""occupation"", ""psi"": 1.9839321412994565e-05}]",shap_age,3.0035480067816884e-12,1,9,"income >= 65,006.5 AND age < 49.5",0.0,0.131651897161552,True,0.0245,0.0,0.0,1.0,Population Share: Stable,0.0,0.00243,Segment performance stable,9,Gradient Boosting
